Feature,Importance (MDI),Std,q25,q75,Language,partID,lang_profile,pc1,pc2,Stdx2
f0_creak_ratio,0.3241420962860545,0.3279525928365826,0.009076104142242386,0.5291993720565149,cat,afs116,l1_eng,6.165043938888648,2.9911835511439766,0.6559051856731652
spec_dur_ratio,0.2386242157389135,0.27427710883756057,0.0,0.39646464646464646,cat,afs116,l1_eng,6.165043938888648,2.9911835511439766,0.5485542176751211
vowel_periph_ratio,0.4372336879750321,0.3502609757830989,0.0,0.7304147465437789,cat,afs116,l1_eng,6.165043938888648,2.9911835511439766,0.7005219515661978
f0_creak_ratio,0.31947768329788506,0.10744450646062667,0.24401287430302387,0.3900221433850286,eng,afs116,l1_eng,6.165043938888648,2.9911835511439766,0.21488901292125334
spec_dur_ratio,0.33933027883868905,0.11416540993642695,0.2595168804449964,0.41861410252800724,eng,afs116,l1_eng,6.165043938888648,2.9911835511439766,0.2283308198728539
vowel_periph_ratio,0.341192037863426,0.1238540978074586,0.24751034612685255,0.42478287463518755,eng,afs116,l1_eng,6.165043938888648,2.9911835511439766,0.2477081956149172
f0_creak_ratio,0.3218515243530969,0.18180621978515693,0.1844207691127981,0.4370100659574344,spa,afs116,l1_eng,6.165043938888648,2.9911835511439766,0.36361243957031386
spec_dur_ratio,0.30477336459080884,0.19059313060953262,0.1625976362818468,0.43627867434852724,spa,afs116,l1_eng,6.165043938888648,2.9911835511439766,0.38118626121906524
vowel_periph_ratio,0.37337511105609417,0.22228992105945813,0.20723029292688733,0.5359694989106754,spa,afs116,l1_eng,6.165043938888648,2.9911835511439766,0.44457984211891627
f0_creak_ratio,0.32148143467392054,0.11426870492321939,0.23956292629059178,0.39996633859127645,cat,ala059,l3_eng,-2.5142055322180346,-3.8533627737632985,0.22853740984643878
spec_dur_ratio,0.3640426654959126,0.11879905712605937,0.28151112131366096,0.4428552593998382,cat,ala059,l3_eng,-2.5142055322180346,-3.8533627737632985,0.23759811425211874
vowel_periph_ratio,0.3144758998301668,0.1206349802845793,0.22036803892833032,0.4013902575871329,cat,ala059,l3_eng,-2.5142055322180346,-3.8533627737632985,0.2412699605691586
f0_creak_ratio,0.34345827760856856,0.12111412792817085,0.2586470229424366,0.43386627176278925,eng,ala059,l3_eng,-2.5142055322180346,-3.8533627737632985,0.2422282558563417
spec_dur_ratio,0.3518530509724621,0.12197372929642857,0.2674676106466935,0.4265105043730564,eng,ala059,l3_eng,-2.5142055322180346,-3.8533627737632985,0.24394745859285713
vowel_periph_ratio,0.3046886714189692,0.11930452333318135,0.211612793191728,0.3969771176639798,eng,ala059,l3_eng,-2.5142055322180346,-3.8533627737632985,0.2386090466663627
f0_creak_ratio,0.3096665842397669,0.12043279356706099,0.2188421239269681,0.3860080330088909,spa,ala059,l3_eng,-2.5142055322180346,-3.8533627737632985,0.24086558713412198
spec_dur_ratio,0.4134405062087821,0.12783856469872412,0.32639610201014835,0.5034958151658875,spa,ala059,l3_eng,-2.5142055322180346,-3.8533627737632985,0.25567712939744824
vowel_periph_ratio,0.27689290955145107,0.11967132573446132,0.19193201552981523,0.3570537380227048,spa,ala059,l3_eng,-2.5142055322180346,-3.8533627737632985,0.23934265146892264
f0_creak_ratio,0.3383497269445764,0.121711036617301,0.244624316157201,0.41606902562347803,cat,irb111,l3_eng,-4.302326744326879,-0.0775427669154291,0.243422073234602
spec_dur_ratio,0.31534760222257613,0.1230984887730516,0.22779760145069744,0.4041350405878215,cat,irb111,l3_eng,-4.302326744326879,-0.0775427669154291,0.2461969775461032
vowel_periph_ratio,0.3463026708328476,0.1339328771461204,0.2514347434177787,0.4402488230748416,cat,irb111,l3_eng,-4.302326744326879,-0.0775427669154291,0.2678657542922408
f0_creak_ratio,0.4068626409506592,0.154392612590679,0.29423090260299567,0.5190221067828786,eng,irb111,l3_eng,-4.302326744326879,-0.0775427669154291,0.308785225181358
spec_dur_ratio,0.31168276110092835,0.15505152026180863,0.18838267430109212,0.40728810255414605,eng,irb111,l3_eng,-4.302326744326879,-0.0775427669154291,0.31010304052361726
vowel_periph_ratio,0.28145459794841243,0.13167931560398527,0.18938295361247953,0.36320224255210676,eng,irb111,l3_eng,-4.302326744326879,-0.0775427669154291,0.26335863120797054
f0_creak_ratio,0.4413325661867517,0.1517785910485337,0.3324153400629708,0.5535441425424551,spa,irb111,l3_eng,-4.302326744326879,-0.0775427669154291,0.3035571820970674
spec_dur_ratio,0.28816508002913077,0.12389784971479431,0.20188279017194474,0.36764701711599185,spa,irb111,l3_eng,-4.302326744326879,-0.0775427669154291,0.24779569942958862
vowel_periph_ratio,0.2705023537841177,0.11690086739457929,0.18710773742597328,0.35305383720138744,spa,irb111,l3_eng,-4.302326744326879,-0.0775427669154291,0.23380173478915858
f0_creak_ratio,0.3458078434086401,0.12518761635817682,0.2555252132781662,0.4276986548273536,eng,acj047,mono,,,0.25037523271635365
spec_dur_ratio,0.34498016199029097,0.13245604521357043,0.24917650217710474,0.4365211191867488,eng,acj047,mono,,,0.26491209042714087
vowel_periph_ratio,0.30921199460106896,0.12076463789817042,0.21669409155890118,0.3871748299608997,eng,acj047,mono,,,0.24152927579634084
f0_creak_ratio,0.33263554494783093,0.1591289441752627,0.20785855437222034,0.45167791358251885,cat,acj297,l1_eng,3.7642109833802633,-1.2401008910090194,0.3182578883505254
spec_dur_ratio,0.41768079438167816,0.17779679471861196,0.2749596785478474,0.5570395113469278,cat,acj297,l1_eng,3.7642109833802633,-1.2401008910090194,0.3555935894372239
vowel_periph_ratio,0.24968366067049097,0.12001889222208903,0.15604349209379542,0.3326060429282831,cat,acj297,l1_eng,3.7642109833802633,-1.2401008910090194,0.24003778444417806
f0_creak_ratio,0.34959437829001544,0.11804430648160838,0.2654934079131994,0.43601907791923,eng,acj297,l1_eng,3.7642109833802633,-1.2401008910090194,0.23608861296321676
spec_dur_ratio,0.3267593594643319,0.11093065367796255,0.2437063264610757,0.4019620391977812,eng,acj297,l1_eng,3.7642109833802633,-1.2401008910090194,0.2218613073559251
vowel_periph_ratio,0.3236462622456528,0.12085528173088796,0.23694631189429827,0.4060940084547061,eng,acj297,l1_eng,3.7642109833802633,-1.2401008910090194,0.2417105634617759
f0_creak_ratio,0.31675098163845006,0.1358290444229795,0.21303568128906625,0.40950033133642927,spa,acj297,l1_eng,3.7642109833802633,-1.2401008910090194,0.271658088845959
spec_dur_ratio,0.36058043918360305,0.15190073483118874,0.25259655656394786,0.46522302502685353,spa,acj297,l1_eng,3.7642109833802633,-1.2401008910090194,0.3038014696623775
vowel_periph_ratio,0.32266857917794683,0.15263929263154424,0.19948348716615386,0.4263612961856489,spa,acj297,l1_eng,3.7642109833802633,-1.2401008910090194,0.3052785852630885
f0_creak_ratio,0.3325327421829038,0.15804940437772813,0.20984261409666524,0.4484994688160889,cat,acr108,l1_eng,3.094974148387531,-0.5075469861697175,0.31609880875545626
spec_dur_ratio,0.3814729482911348,0.1663050140121297,0.25714185150510294,0.4919623387983452,cat,acr108,l1_eng,3.094974148387531,-0.5075469861697175,0.3326100280242594
vowel_periph_ratio,0.2859943095259615,0.1480354068743175,0.1707525652921072,0.38780457880134955,cat,acr108,l1_eng,3.094974148387531,-0.5075469861697175,0.296070813748635
f0_creak_ratio,0.32519034140870223,0.11068754040527064,0.24656119550796549,0.4001479999755088,eng,acr108,l1_eng,3.094974148387531,-0.5075469861697175,0.22137508081054127
spec_dur_ratio,0.33667942611973317,0.11768120204799737,0.24680347178069048,0.4182096026479374,eng,acr108,l1_eng,3.094974148387531,-0.5075469861697175,0.23536240409599474
vowel_periph_ratio,0.33813023247156465,0.11644382494152881,0.25201063134282925,0.4198855692717424,eng,acr108,l1_eng,3.094974148387531,-0.5075469861697175,0.23288764988305763
f0_creak_ratio,0.33286140891305177,0.154755725693907,0.22565411855301565,0.4392788239886286,spa,acr108,l1_eng,3.094974148387531,-0.5075469861697175,0.309511451387814
spec_dur_ratio,0.3388826943148448,0.15708356277857832,0.2253961477817687,0.4493740356178473,spa,acr108,l1_eng,3.094974148387531,-0.5075469861697175,0.31416712555715665
vowel_periph_ratio,0.3282558967721035,0.16036702739968792,0.2078465438594792,0.43068131117464237,spa,acr108,l1_eng,3.094974148387531,-0.5075469861697175,0.32073405479937583
f0_creak_ratio,0.4223260992522526,0.15719173442893963,0.3054669032168843,0.539593973547211,cat,aei079,l1_eng,4.173198239823081,2.5764645690199823,0.31438346885787927
spec_dur_ratio,0.2808390530840983,0.12038485760638108,0.18982036490626142,0.3645289654017312,cat,aei079,l1_eng,4.173198239823081,2.5764645690199823,0.24076971521276216
vowel_periph_ratio,0.296834847663649,0.13546336183680385,0.19787297011422217,0.39304844273736084,cat,aei079,l1_eng,4.173198239823081,2.5764645690199823,0.2709267236736077
f0_creak_ratio,0.2822759250306665,0.10490663085273971,0.20113130985533756,0.3499901691550463,eng,aei079,l1_eng,4.173198239823081,2.5764645690199823,0.20981326170547943
spec_dur_ratio,0.3740069148652976,0.12441381349338355,0.28883649707757547,0.45934888905812155,eng,aei079,l1_eng,4.173198239823081,2.5764645690199823,0.2488276269867671
vowel_periph_ratio,0.3437171601040358,0.11812437004146266,0.2677779999950191,0.42490898751140527,eng,aei079,l1_eng,4.173198239823081,2.5764645690199823,0.23624874008292532
f0_creak_ratio,0.31287838123028877,0.16489013084445922,0.17956036224681549,0.4280990449366071,spa,aei079,l1_eng,4.173198239823081,2.5764645690199823,0.32978026168891844
spec_dur_ratio,0.365572494090103,0.17728963523115393,0.22908734396936303,0.4880081634429462,spa,aei079,l1_eng,4.173198239823081,2.5764645690199823,0.35457927046230786
vowel_periph_ratio,0.32154912467960833,0.17687641997490242,0.18058727216477233,0.44058025391195554,spa,aei079,l1_eng,4.173198239823081,2.5764645690199823,0.35375283994980483
f0_creak_ratio,0.3234056691715934,0.12388534806135199,0.23378750156327763,0.4103610143233387,cat,aes050,l3_eng,-6.094123641930368,0.8278222155165195,0.24777069612270397
spec_dur_ratio,0.31114617905513486,0.11714141326839178,0.22473033062706968,0.38571754949345594,cat,aes050,l3_eng,-6.094123641930368,0.8278222155165195,0.23428282653678356
vowel_periph_ratio,0.3654481517732717,0.13796227632530647,0.2639960934003822,0.45439115731889157,cat,aes050,l3_eng,-6.094123641930368,0.8278222155165195,0.27592455265061294
f0_creak_ratio,0.36427775125408574,0.11742132612504091,0.28232525571145806,0.4466350698384073,eng,aes050,l3_eng,-6.094123641930368,0.8278222155165195,0.23484265225008183
spec_dur_ratio,0.3503473566012141,0.1171626596725187,0.2683979745085104,0.4328152612473985,eng,aes050,l3_eng,-6.094123641930368,0.8278222155165195,0.2343253193450374
vowel_periph_ratio,0.2853748921447,0.11596595102770332,0.2038100933829153,0.3606957450921124,eng,aes050,l3_eng,-6.094123641930368,0.8278222155165195,0.23193190205540665
f0_creak_ratio,0.3137677484453871,0.12730925841673532,0.2144167904335642,0.3997029131359205,spa,aes050,l3_eng,-6.094123641930368,0.8278222155165195,0.25461851683347064
spec_dur_ratio,0.34522858737147616,0.12194139756176231,0.25986564315898797,0.42751399869398676,spa,aes050,l3_eng,-6.094123641930368,0.8278222155165195,0.24388279512352462
vowel_periph_ratio,0.3410036641831367,0.1300136662110565,0.25414138567583666,0.4334365406347562,spa,aes050,l3_eng,-6.094123641930368,0.8278222155165195,0.260027332422113
f0_creak_ratio,0.35054220084310517,0.14798405066379505,0.23959584530701591,0.454657402642193,cat,ake031,l1_eng,4.930392874791377,-0.787288204850397,0.2959681013275901
spec_dur_ratio,0.281402113216895,0.12155578708824322,0.1961630564022146,0.35353138970615616,cat,ake031,l1_eng,4.930392874791377,-0.787288204850397,0.24311157417648643
vowel_periph_ratio,0.3680556859399999,0.15338406309471048,0.25387044626328104,0.4789839540899568,cat,ake031,l1_eng,4.930392874791377,-0.787288204850397,0.30676812618942095
f0_creak_ratio,0.3251989171715961,0.1135479221324868,0.2403942163302432,0.3997653955336426,eng,ake031,l1_eng,4.930392874791377,-0.787288204850397,0.2270958442649736
spec_dur_ratio,0.3800719649800652,0.12298897922400867,0.2969596039514458,0.4603484863934211,eng,ake031,l1_eng,4.930392874791377,-0.787288204850397,0.24597795844801734
vowel_periph_ratio,0.29472911784833866,0.10413455283560027,0.22291877531278845,0.36597957979367124,eng,ake031,l1_eng,4.930392874791377,-0.787288204850397,0.20826910567120055
f0_creak_ratio,0.378475795269124,0.1307346019704403,0.2833398002040559,0.47584856631544287,spa,ake031,l1_eng,4.930392874791377,-0.787288204850397,0.2614692039408806
spec_dur_ratio,0.2997979296788165,0.12286101533088335,0.2095791501731115,0.38146125247010665,spa,ake031,l1_eng,4.930392874791377,-0.787288204850397,0.2457220306617667
vowel_periph_ratio,0.32172627505205953,0.12838571253446562,0.2347039296386308,0.4045297222946743,spa,ake031,l1_eng,4.930392874791377,-0.787288204850397,0.25677142506893125
f0_creak_ratio,0.3355854400706486,0.1194203609850353,0.24943132722799968,0.4204872407561794,cat,ala054,l3_eng,-7.712637883394178,7.140590152356428,0.2388407219700706
spec_dur_ratio,0.3418931610640916,0.13453782706436537,0.24276902521526744,0.4329640089510899,cat,ala054,l3_eng,-7.712637883394178,7.140590152356428,0.26907565412873075
vowel_periph_ratio,0.32252139886525977,0.13005341997800932,0.23356022767118043,0.402450968423284,cat,ala054,l3_eng,-7.712637883394178,7.140590152356428,0.26010683995601863
f0_creak_ratio,0.3840532426517172,0.15716906390452048,0.2669621306647312,0.5033778472476924,eng,ala054,l3_eng,-7.712637883394178,7.140590152356428,0.31433812780904097
spec_dur_ratio,0.3318097428025444,0.14488241177468722,0.2230164463106102,0.43064538970832444,eng,ala054,l3_eng,-7.712637883394178,7.140590152356428,0.28976482354937444
vowel_periph_ratio,0.2841370145457386,0.15105706340887695,0.17122477128335095,0.3864237950135811,eng,ala054,l3_eng,-7.712637883394178,7.140590152356428,0.3021141268177539
f0_creak_ratio,0.41354739602353097,0.14576910795392242,0.31005800782305243,0.5135346353017488,spa,ala054,l3_eng,-7.712637883394178,7.140590152356428,0.29153821590784484
spec_dur_ratio,0.31721177417623314,0.13141644663330254,0.2198111973078297,0.40465751038504966,spa,ala054,l3_eng,-7.712637883394178,7.140590152356428,0.2628328932666051
vowel_periph_ratio,0.26924082980023595,0.11648256335541234,0.18808057196937894,0.3488742159225948,spa,ala054,l3_eng,-7.712637883394178,7.140590152356428,0.23296512671082467
f0_creak_ratio,0.3427436322885801,0.14662718354685048,0.22780852808811375,0.4522844750136906,cat,alc125,l3_eng,-4.1332539027118536,1.4636854614500017,0.29325436709370095
spec_dur_ratio,0.39094977330597125,0.15505360374789162,0.27163052382589364,0.49921217354655156,cat,alc125,l3_eng,-4.1332539027118536,1.4636854614500017,0.31010720749578324
vowel_periph_ratio,0.2663065944054487,0.11994252402860368,0.18204145695783558,0.3391875155736065,cat,alc125,l3_eng,-4.1332539027118536,1.4636854614500017,0.23988504805720737
f0_creak_ratio,0.44296880908286623,0.14743008244941067,0.3450948081274786,0.5468202488683729,eng,alc125,l3_eng,-4.1332539027118536,1.4636854614500017,0.29486016489882133
spec_dur_ratio,0.2750920315523255,0.1128531410589035,0.19119253546090287,0.35278616814697183,eng,alc125,l3_eng,-4.1332539027118536,1.4636854614500017,0.225706282117807
vowel_periph_ratio,0.28193915936480823,0.12077640994912249,0.19111410937872314,0.36254588360680684,eng,alc125,l3_eng,-4.1332539027118536,1.4636854614500017,0.24155281989824498
f0_creak_ratio,0.30972285705030855,0.11723011241049644,0.22707903969977355,0.38850046080568085,spa,alc125,l3_eng,-4.1332539027118536,1.4636854614500017,0.23446022482099288
spec_dur_ratio,0.3724593375552899,0.1397252638741131,0.2720956058530241,0.463349393558371,spa,alc125,l3_eng,-4.1332539027118536,1.4636854614500017,0.2794505277482262
vowel_periph_ratio,0.3178178053944016,0.13867880079733516,0.21504900745152333,0.42295135248528914,spa,alc125,l3_eng,-4.1332539027118536,1.4636854614500017,0.2773576015946703
f0_creak_ratio,0.44431082432785807,0.16123868610204511,0.32286536083316975,0.5523309262807464,cat,als024,l1_eng,3.2760005768400657,-1.6933107434460264,0.32247737220409023
spec_dur_ratio,0.2838750099414726,0.13629033899063014,0.18230596010306477,0.37570333496640024,cat,als024,l1_eng,3.2760005768400657,-1.6933107434460264,0.2725806779812603
vowel_periph_ratio,0.2718141657306694,0.11449716789237979,0.18398319029897983,0.3512535250212082,cat,als024,l1_eng,3.2760005768400657,-1.6933107434460264,0.22899433578475958
f0_creak_ratio,0.26599350208669875,0.11585375001791244,0.1740825732226249,0.3372395735445356,eng,als024,l1_eng,3.2760005768400657,-1.6933107434460264,0.23170750003582488
spec_dur_ratio,0.32775052757654044,0.13764212742331416,0.22708106439673265,0.4140517631498478,eng,als024,l1_eng,3.2760005768400657,-1.6933107434460264,0.27528425484662833
vowel_periph_ratio,0.4062559703367609,0.14738257938463897,0.3041446162575297,0.5210326025949049,eng,als024,l1_eng,3.2760005768400657,-1.6933107434460264,0.29476515876927795
f0_creak_ratio,0.3165911178250421,0.1227973665793598,0.2351562520903071,0.40558169632454927,spa,als024,l1_eng,3.2760005768400657,-1.6933107434460264,0.2455947331587196
spec_dur_ratio,0.34034200467697534,0.13987615913239004,0.23196268956453653,0.4319710803329727,spa,als024,l1_eng,3.2760005768400657,-1.6933107434460264,0.2797523182647801
vowel_periph_ratio,0.34306687749798254,0.15187884755980577,0.22247073319280697,0.4452572852145621,spa,als024,l1_eng,3.2760005768400657,-1.6933107434460264,0.30375769511961154
f0_creak_ratio,0.4006425455441584,0.13613601823842458,0.302953711437432,0.49826653240506247,cat,als086,l3_eng,-3.7183444620174098,-3.3229501052641384,0.27227203647684917
spec_dur_ratio,0.313065944539315,0.11616868717065555,0.22907411124030186,0.388618084325376,cat,als086,l3_eng,-3.7183444620174098,-3.3229501052641384,0.2323373743413111
vowel_periph_ratio,0.28629150991652663,0.12110162465222654,0.1963142738508252,0.3611009780704141,cat,als086,l3_eng,-3.7183444620174098,-3.3229501052641384,0.24220324930445308
f0_creak_ratio,0.33849369668543144,0.11793041067594354,0.2601123855262863,0.41894406380167915,eng,als086,l3_eng,-3.7183444620174098,-3.3229501052641384,0.23586082135188707
spec_dur_ratio,0.3637373680027152,0.12650578191574677,0.2750015867249165,0.4457059662873135,eng,als086,l3_eng,-3.7183444620174098,-3.3229501052641384,0.25301156383149354
vowel_periph_ratio,0.29776893531185333,0.11338110972692046,0.21798972575407294,0.37253863956665934,eng,als086,l3_eng,-3.7183444620174098,-3.3229501052641384,0.22676221945384092
f0_creak_ratio,0.3271311928240699,0.13632240277439656,0.22729988237153687,0.4282346318471596,spa,als086,l3_eng,-3.7183444620174098,-3.3229501052641384,0.2726448055487931
spec_dur_ratio,0.3369596211621512,0.13145648499665583,0.2390368632565129,0.4225970528238899,spa,als086,l3_eng,-3.7183444620174098,-3.3229501052641384,0.26291296999331165
vowel_periph_ratio,0.33590918601377884,0.1465043817015724,0.22147950406236908,0.43579637810786426,spa,als086,l3_eng,-3.7183444620174098,-3.3229501052641384,0.2930087634031448
f0_creak_ratio,0.3924637114876005,0.1375783713025196,0.30247818756280936,0.4940347679496833,cat,ama302,l1_eng,5.471768517216868,-1.0747626965337458,0.2751567426050392
spec_dur_ratio,0.31201465606358403,0.13279797824275938,0.20804815854618225,0.4034179967364079,cat,ama302,l1_eng,5.471768517216868,-1.0747626965337458,0.26559595648551876
vowel_periph_ratio,0.29552163244881546,0.12556935530159455,0.20422020482809675,0.37853265157021465,cat,ama302,l1_eng,5.471768517216868,-1.0747626965337458,0.2511387106031891
f0_creak_ratio,0.3308450492917013,0.10917627389070585,0.24898851120073023,0.40866666993091366,eng,ama302,l1_eng,5.471768517216868,-1.0747626965337458,0.2183525477814117
spec_dur_ratio,0.3540847651306776,0.11445775008334554,0.2733437282134166,0.4298901566652669,eng,ama302,l1_eng,5.471768517216868,-1.0747626965337458,0.22891550016669107
vowel_periph_ratio,0.31507018557762095,0.10775485404835948,0.2424508846966382,0.3880597347629303,eng,ama302,l1_eng,5.471768517216868,-1.0747626965337458,0.21550970809671896
f0_creak_ratio,0.34980741883067146,0.17551250039835475,0.21274991303566076,0.4706246297027749,spa,ama302,l1_eng,5.471768517216868,-1.0747626965337458,0.3510250007967095
spec_dur_ratio,0.3170458890807149,0.16580055326387155,0.19922907497081904,0.4315809069098543,spa,ama302,l1_eng,5.471768517216868,-1.0747626965337458,0.3316011065277431
vowel_periph_ratio,0.3331466920886135,0.17341703532445707,0.20952200447806618,0.4559152686108655,spa,ama302,l1_eng,5.471768517216868,-1.0747626965337458,0.34683407064891414
f0_creak_ratio,0.4085483772077166,0.2294262299293347,0.22867279505888372,0.5739788463444687,cat,anf025,l1_eng,5.231429786001432,0.1366375068843036,0.4588524598586694
spec_dur_ratio,0.3073309612611184,0.19023260843387546,0.1618299941927991,0.44341876867534946,cat,anf025,l1_eng,5.231429786001432,0.1366375068843036,0.3804652168677509
vowel_periph_ratio,0.284120661531165,0.1862973703147634,0.132050262490546,0.41295435443327894,cat,anf025,l1_eng,5.231429786001432,0.1366375068843036,0.3725947406295268
f0_creak_ratio,0.33940696485394045,0.10399568075811517,0.2710558836108754,0.41161566855398296,eng,anf025,l1_eng,5.231429786001432,0.1366375068843036,0.20799136151623035
spec_dur_ratio,0.32804321955812876,0.10351529806945904,0.2485245642030359,0.397182835225757,eng,anf025,l1_eng,5.231429786001432,0.1366375068843036,0.20703059613891808
vowel_periph_ratio,0.33254981558793095,0.10581113679036004,0.25288051839682557,0.4039034861978948,eng,anf025,l1_eng,5.231429786001432,0.1366375068843036,0.21162227358072008
f0_creak_ratio,0.3375057333996707,0.13654566457815884,0.2357841900278776,0.44200024725555953,spa,anf025,l1_eng,5.231429786001432,0.1366375068843036,0.2730913291563177
spec_dur_ratio,0.3514525891577451,0.14011674133472915,0.25013205901321817,0.44524791666448693,spa,anf025,l1_eng,5.231429786001432,0.1366375068843036,0.2802334826694583
vowel_periph_ratio,0.3110416774425842,0.1262789587539544,0.22123894817378725,0.3944630740664543,spa,anf025,l1_eng,5.231429786001432,0.1366375068843036,0.2525579175079088
f0_creak_ratio,0.29519185918429275,0.09837519845754839,0.22883770694978062,0.3622810935562224,eng,anm099,mono,,,0.19675039691509677
spec_dur_ratio,0.3937532565390065,0.11317653410224127,0.3153803703820597,0.46982052473361874,eng,anm099,mono,,,0.22635306820448253
vowel_periph_ratio,0.31105488427670064,0.11744978327824351,0.23029104989309035,0.3894922622466899,eng,anm099,mono,,,0.23489956655648703
f0_creak_ratio,0.35854509892772274,0.13684918813766364,0.2677118434731638,0.4517681805590549,cat,aps124,l3_eng,-4.449989207566518,-0.4711698219139796,0.2736983762753273
spec_dur_ratio,0.31866776881435027,0.13546853490740823,0.22511309528974507,0.4075839144642854,cat,aps124,l3_eng,-4.449989207566518,-0.4711698219139796,0.27093706981481647
vowel_periph_ratio,0.32278713225792693,0.14156490996341234,0.21814388777504276,0.42000030086055407,cat,aps124,l3_eng,-4.449989207566518,-0.4711698219139796,0.2831298199268247
f0_creak_ratio,0.34971706441116374,0.1224807468140836,0.2623285344689443,0.4408809020072584,eng,aps124,l3_eng,-4.449989207566518,-0.4711698219139796,0.2449614936281672
spec_dur_ratio,0.3484883465658936,0.1241983547815883,0.262598410928417,0.4293148541363255,eng,aps124,l3_eng,-4.449989207566518,-0.4711698219139796,0.2483967095631766
vowel_periph_ratio,0.30179458902294276,0.11351965494192269,0.22379588152574764,0.378461860036434,eng,aps124,l3_eng,-4.449989207566518,-0.4711698219139796,0.22703930988384538
f0_creak_ratio,0.3431409826132659,0.12490846675322208,0.24946302363433534,0.4276684688558433,spa,aps124,l3_eng,-4.449989207566518,-0.4711698219139796,0.24981693350644416
spec_dur_ratio,0.3269317395582661,0.12187865724031662,0.23784838666818192,0.41063101162233256,spa,aps124,l3_eng,-4.449989207566518,-0.4711698219139796,0.24375731448063323
vowel_periph_ratio,0.329927277828468,0.1318762791932554,0.23497209984751094,0.4221825170688094,spa,aps124,l3_eng,-4.449989207566518,-0.4711698219139796,0.2637525583865108
f0_creak_ratio,0.3494210094355023,0.11798207030920016,0.2667196913590721,0.4299621590240364,cat,arc053,l3_eng,-4.384488024214015,-0.1047760456873413,0.23596414061840032
spec_dur_ratio,0.3357957569441411,0.12015813676538785,0.2532789065409535,0.41901587700375514,cat,arc053,l3_eng,-4.384488024214015,-0.1047760456873413,0.2403162735307757
vowel_periph_ratio,0.31478323362035654,0.11864827168248214,0.23419110250342165,0.39196713655780896,cat,arc053,l3_eng,-4.384488024214015,-0.1047760456873413,0.23729654336496428
f0_creak_ratio,0.3361190717527795,0.11701864883477557,0.2502075035709905,0.4232646252575075,eng,arc053,l3_eng,-4.384488024214015,-0.1047760456873413,0.23403729766955114
spec_dur_ratio,0.36482528604223075,0.12040785832407797,0.27140024911191907,0.4491512196575687,eng,arc053,l3_eng,-4.384488024214015,-0.1047760456873413,0.24081571664815593
vowel_periph_ratio,0.2990556422049897,0.10910304526829931,0.22311093205573626,0.37218981142863505,eng,arc053,l3_eng,-4.384488024214015,-0.1047760456873413,0.21820609053659862
f0_creak_ratio,0.330385455664803,0.11677281366134437,0.24890144432912967,0.4098580528748558,spa,arc053,l3_eng,-4.384488024214015,-0.1047760456873413,0.23354562732268874
spec_dur_ratio,0.34195281563611474,0.12665457374632455,0.24849669760065413,0.43585669763385676,spa,arc053,l3_eng,-4.384488024214015,-0.1047760456873413,0.2533091474926491
vowel_periph_ratio,0.3276617286990822,0.12426312587324044,0.2418567493992516,0.41108867762091716,spa,arc053,l3_eng,-4.384488024214015,-0.1047760456873413,0.24852625174648088
f0_creak_ratio,0.269306426981344,0.12264430524239028,0.17828725639191847,0.34741584891756233,cat,arl041,l3_eng,-0.054863649782619,-2.1703009162414224,0.24528861048478057
spec_dur_ratio,0.42015968212667004,0.16144041958601632,0.2927173850381207,0.5409609902374053,cat,arl041,l3_eng,-0.054863649782619,-2.1703009162414224,0.32288083917203264
vowel_periph_ratio,0.310533890891986,0.14323372654363165,0.2026547409187418,0.4072008125610368,cat,arl041,l3_eng,-0.054863649782619,-2.1703009162414224,0.2864674530872633
f0_creak_ratio,0.35646661806756663,0.1203176333854674,0.27117657624520825,0.4354188814511982,eng,arl041,l3_eng,-0.054863649782619,-2.1703009162414224,0.2406352667709348
spec_dur_ratio,0.32869002481944515,0.1143689783871533,0.24553602625355858,0.40529333148234736,eng,arl041,l3_eng,-0.054863649782619,-2.1703009162414224,0.2287379567743066
vowel_periph_ratio,0.3148433571129883,0.11844595011146833,0.23384262091867164,0.3865329134392084,eng,arl041,l3_eng,-0.054863649782619,-2.1703009162414224,0.23689190022293666
f0_creak_ratio,0.24252729275911114,0.2952751768391269,0.0,0.4094139721105835,spa,arl041,l3_eng,-0.054863649782619,-2.1703009162414224,0.5905503536782538
spec_dur_ratio,0.5256443749495058,0.38452450716853565,0.0,0.8770764119601332,spa,arl041,l3_eng,-0.054863649782619,-2.1703009162414224,0.7690490143370713
vowel_periph_ratio,0.23182833229138308,0.3044680408165107,0.0,0.349206349206349,spa,arl041,l3_eng,-0.054863649782619,-2.1703009162414224,0.6089360816330214
f0_creak_ratio,0.3689557098235816,0.1246351823404499,0.2767385667943162,0.4619466612459521,cat,arn090,l3_eng,-3.8242656107826503,0.7604846332303103,0.2492703646808998
spec_dur_ratio,0.3150645165304188,0.12012145624054252,0.237974993837185,0.39743571006119666,cat,arn090,l3_eng,-3.8242656107826503,0.7604846332303103,0.24024291248108504
vowel_periph_ratio,0.3159797736459996,0.11733597241288211,0.23192990395100838,0.39799596512407415,cat,arn090,l3_eng,-3.8242656107826503,0.7604846332303103,0.23467194482576423
f0_creak_ratio,0.43727687579790087,0.1730004425308569,0.29662803561325346,0.5731079160321713,eng,arn090,l3_eng,-3.8242656107826503,0.7604846332303103,0.3460008850617138
spec_dur_ratio,0.3281528376309789,0.16462154841184984,0.20595367060355088,0.4452025273646393,eng,arn090,l3_eng,-3.8242656107826503,0.7604846332303103,0.3292430968236997
vowel_periph_ratio,0.2345702865711203,0.12479625395244036,0.13614944730055317,0.3060837750152181,eng,arn090,l3_eng,-3.8242656107826503,0.7604846332303103,0.24959250790488072
f0_creak_ratio,0.3173987566133215,0.12604929162699507,0.22356182247692769,0.4006507925194725,spa,arn090,l3_eng,-3.8242656107826503,0.7604846332303103,0.25209858325399015
spec_dur_ratio,0.3960291759662479,0.13901023552727781,0.2948505236979499,0.4961546935385204,spa,arn090,l3_eng,-3.8242656107826503,0.7604846332303103,0.27802047105455563
vowel_periph_ratio,0.2865720674204306,0.11649625213228805,0.19817776346851323,0.3677861033425497,spa,arn090,l3_eng,-3.8242656107826503,0.7604846332303103,0.2329925042645761
f0_creak_ratio,0.27607888944860054,0.13854675870340455,0.17098007083487418,0.3758940709747284,eng,ars086,mono,,,0.2770935174068091
spec_dur_ratio,0.49821769693917484,0.1805768306352963,0.36621799895057094,0.6402971809948255,eng,ars086,mono,,,0.3611536612705926
vowel_periph_ratio,0.22570341361222468,0.1208220469051811,0.13301435434820433,0.3044263331334621,eng,ars086,mono,,,0.2416440938103622
f0_creak_ratio,0.33490885346824284,0.11937638484226558,0.24806167479893845,0.41979697532396193,eng,asl181,l1_eng,3.226858197921981,-1.7929237143897416,0.23875276968453116
spec_dur_ratio,0.3843993197290196,0.13665263151622753,0.27993707436488413,0.48165226622866425,eng,asl181,l1_eng,3.226858197921981,-1.7929237143897416,0.27330526303245506
vowel_periph_ratio,0.2806918268027376,0.10473718750141775,0.20547967389446936,0.34927793873925667,eng,asl181,l1_eng,3.226858197921981,-1.7929237143897416,0.2094743750028355
f0_creak_ratio,0.21435383549611925,0.11837476853210017,0.12308546408924186,0.2902685000618703,spa,asl181,l1_eng,3.226858197921981,-1.7929237143897416,0.23674953706420035
spec_dur_ratio,0.509685072590168,0.1825689124476791,0.38189869468062027,0.6482859990478796,spa,asl181,l1_eng,3.226858197921981,-1.7929237143897416,0.3651378248953582
vowel_periph_ratio,0.27596109191371265,0.14883680965015292,0.1553865355260874,0.3771017909548374,spa,asl181,l1_eng,3.226858197921981,-1.7929237143897416,0.29767361930030584
f0_creak_ratio,0.28874082914161825,0.13426062061971022,0.180877886911263,0.384488773017582,cat,asp259,l1_eng,3.5240952236920444,-0.51524621403081,0.26852124123942045
spec_dur_ratio,0.37241726383216334,0.1560801940782001,0.25948526618470974,0.47449136351561766,cat,asp259,l1_eng,3.5240952236920444,-0.51524621403081,0.3121603881564002
vowel_periph_ratio,0.33884190702621847,0.14367003931975278,0.2338547865957929,0.43488294977314135,cat,asp259,l1_eng,3.5240952236920444,-0.51524621403081,0.28734007863950556
f0_creak_ratio,0.29995647448558227,0.10546416181313717,0.22748848323135606,0.3610054641974616,eng,asp259,l1_eng,3.5240952236920444,-0.51524621403081,0.21092832362627434
spec_dur_ratio,0.35689239730320965,0.1137757389552477,0.27368800814661576,0.42751623509414327,eng,asp259,l1_eng,3.5240952236920444,-0.51524621403081,0.2275514779104954
vowel_periph_ratio,0.34315112821120797,0.11229823773910948,0.2664605984688434,0.42252829602449155,eng,asp259,l1_eng,3.5240952236920444,-0.51524621403081,0.22459647547821895
f0_creak_ratio,0.4197759280736425,0.43544140021024863,0.0,0.9137500000000002,spa,asp259,l1_eng,3.5240952236920444,-0.51524621403081,0.8708828004204973
spec_dur_ratio,0.42680359433917736,0.4381931157793311,0.0,0.9196108321377332,spa,asp259,l1_eng,3.5240952236920444,-0.51524621403081,0.8763862315586622
vowel_periph_ratio,0.15342047758718008,0.2819006980896856,0.0,0.0,spa,asp259,l1_eng,3.5240952236920444,-0.51524621403081,0.5638013961793712
f0_creak_ratio,0.3409538071246529,0.21668933569713478,0.17886150521618502,0.4962087682211522,cat,auj020,l1_eng,8.466808604978791,4.466165051105459,0.43337867139426955
spec_dur_ratio,0.3561655859376245,0.22493938457311982,0.18181818181818185,0.5115501519756834,cat,auj020,l1_eng,8.466808604978791,4.466165051105459,0.44987876914623964
vowel_periph_ratio,0.3028806069377226,0.21146828620364327,0.13822661034617567,0.44203452883078787,cat,auj020,l1_eng,8.466808604978791,4.466165051105459,0.42293657240728655
f0_creak_ratio,0.2936471017910228,0.09982934384867574,0.22237366381143317,0.36860412409421706,eng,auj020,l1_eng,8.466808604978791,4.466165051105459,0.19965868769735148
spec_dur_ratio,0.34184885379814056,0.12802809714073796,0.24541708289710432,0.4258621499012699,eng,auj020,l1_eng,8.466808604978791,4.466165051105459,0.2560561942814759
vowel_periph_ratio,0.36450404441083656,0.13053914914422077,0.2680152469932631,0.45590404657479583,eng,auj020,l1_eng,8.466808604978791,4.466165051105459,0.26107829828844153
f0_creak_ratio,0.34404290814807875,0.21773357796836643,0.17338297031382516,0.4691744453463204,spa,auj020,l1_eng,8.466808604978791,4.466165051105459,0.43546715593673285
spec_dur_ratio,0.33684695750982646,0.2139409223328307,0.1742409702936018,0.4904234253051991,spa,auj020,l1_eng,8.466808604978791,4.466165051105459,0.4278818446656614
vowel_periph_ratio,0.31911013434209473,0.2205840227637254,0.14180090640907528,0.4653973743647656,spa,auj020,l1_eng,8.466808604978791,4.466165051105459,0.4411680455274508
f0_creak_ratio,0.2970134224585505,0.11327776915887004,0.21764678491390219,0.36598941999640355,eng,awm067,mono,,,0.22655553831774008
spec_dur_ratio,0.3700365212742753,0.1197485821121959,0.28196964000693747,0.45339815445483056,eng,awm067,mono,,,0.2394971642243918
vowel_periph_ratio,0.33295005626717405,0.11687911172391237,0.24927183839856143,0.4170144317042841,eng,awm067,mono,,,0.23375822344782474
f0_creak_ratio,0.3663448809450519,0.11998927143415491,0.27650423469664487,0.4460817736205845,eng,bsa220,mono,,,0.23997854286830983
spec_dur_ratio,0.3357398557814226,0.12347742716128743,0.248891327989812,0.41615502710146807,eng,bsa220,mono,,,0.24695485432257486
vowel_periph_ratio,0.2979152632735254,0.11327907880147581,0.2147687951376664,0.37663093460716324,eng,bsa220,mono,,,0.22655815760295162
f0_creak_ratio,0.4317766423373273,0.25872958373056154,0.2002921659231926,0.6755788141663865,cat,enp048,l3_eng,-3.2685633391357904,-3.3863506421817453,0.5174591674611231
spec_dur_ratio,0.2986017357954462,0.2273153125424228,0.11169346418129912,0.4799665058269642,cat,enp048,l3_eng,-3.2685633391357904,-3.3863506421817453,0.4546306250848456
vowel_periph_ratio,0.26962162186722655,0.21898127200009876,0.09442601037267775,0.40572726430407674,cat,enp048,l3_eng,-3.2685633391357904,-3.3863506421817453,0.4379625440001975
f0_creak_ratio,0.32325042110163793,0.12158383545625003,0.23463497215784973,0.4103858233832186,eng,enp048,l3_eng,-3.2685633391357904,-3.3863506421817453,0.24316767091250005
spec_dur_ratio,0.3931344284295427,0.13093572835058206,0.3033239280341443,0.4847694614661299,eng,enp048,l3_eng,-3.2685633391357904,-3.3863506421817453,0.26187145670116413
vowel_periph_ratio,0.28361515046881924,0.10868987495749799,0.20841581626315148,0.35282245503110315,eng,enp048,l3_eng,-3.2685633391357904,-3.3863506421817453,0.21737974991499598
f0_creak_ratio,0.3763916279751649,0.13539356848006437,0.27454120298101664,0.4755034719638629,spa,enp048,l3_eng,-3.2685633391357904,-3.3863506421817453,0.27078713696012874
spec_dur_ratio,0.31532824681158,0.12874071289084088,0.22541067498789516,0.4029211809425681,spa,enp048,l3_eng,-3.2685633391357904,-3.3863506421817453,0.25748142578168176
vowel_periph_ratio,0.30828012521325504,0.13038678194002082,0.21380497467474674,0.3988280002841572,spa,enp048,l3_eng,-3.2685633391357904,-3.3863506421817453,0.26077356388004164
f0_creak_ratio,0.33495338999342233,0.27384883720472797,0.09137101926975799,0.5131070683809137,cat,era049,l3_eng,-0.7570101950591521,3.4535051505670182,0.5476976744094559
spec_dur_ratio,0.35760098377528654,0.2835452296497906,0.1286359048890377,0.5406620030293107,cat,era049,l3_eng,-0.7570101950591521,3.4535051505670182,0.5670904592995812
vowel_periph_ratio,0.3074456262312911,0.25263052301369093,0.0653569641240141,0.527929772813011,cat,era049,l3_eng,-0.7570101950591521,3.4535051505670182,0.5052610460273819
f0_creak_ratio,0.27274253858520325,0.12612315807224495,0.18068929942534706,0.35966315518148073,eng,era049,l3_eng,-0.7570101950591521,3.4535051505670182,0.2522463161444899
spec_dur_ratio,0.501247367979496,0.18498028074477413,0.3672013438540518,0.6250452750706039,eng,era049,l3_eng,-0.7570101950591521,3.4535051505670182,0.36996056148954826
vowel_periph_ratio,0.22601009343530074,0.12055243226363689,0.12820618269552367,0.307502904113169,eng,era049,l3_eng,-0.7570101950591521,3.4535051505670182,0.24110486452727378
f0_creak_ratio,0.29402169706497183,0.1394332527233365,0.19174571250048625,0.38277994609126,spa,era049,l3_eng,-0.7570101950591521,3.4535051505670182,0.278866505446673
spec_dur_ratio,0.40662870518789773,0.1622717163725493,0.28283111948144124,0.5198630424603987,spa,era049,l3_eng,-0.7570101950591521,3.4535051505670182,0.3245434327450986
vowel_periph_ratio,0.2993495977471304,0.14324493299415678,0.19350726504002064,0.3868064637028831,spa,era049,l3_eng,-0.7570101950591521,3.4535051505670182,0.28648986598831355
f0_creak_ratio,0.3707768130785001,0.13477333926806379,0.2756611270872911,0.4677186665600011,eng,ers160,mono,,,0.26954667853612757
spec_dur_ratio,0.3380746535389669,0.1326169826059377,0.23742183191578273,0.42882270264412636,eng,ers160,mono,,,0.2652339652118754
vowel_periph_ratio,0.29114853338253305,0.11266367968688902,0.2040550193145959,0.36212136781393006,eng,ers160,mono,,,0.22532735937377804
f0_creak_ratio,0.4054210650748027,0.15224443281302788,0.29164066857786614,0.5272173431380788,cat,irm067,l1_eng,3.361366884382204,-2.325885957243341,0.30448886562605576
spec_dur_ratio,0.2817594495577199,0.11671762604895962,0.20071724208430863,0.3563560477422747,cat,irm067,l1_eng,3.361366884382204,-2.325885957243341,0.23343525209791924
vowel_periph_ratio,0.31281948536747745,0.14675904056088623,0.20846420082158013,0.41449347268772896,cat,irm067,l1_eng,3.361366884382204,-2.325885957243341,0.29351808112177247
f0_creak_ratio,0.3996501986732617,0.11944744256193472,0.31724964299306707,0.48306097102164325,eng,irm067,l1_eng,3.361366884382204,-2.325885957243341,0.23889488512386944
spec_dur_ratio,0.3016049698963474,0.10956665934030978,0.22162016009663044,0.3713736809867055,eng,irm067,l1_eng,3.361366884382204,-2.325885957243341,0.21913331868061955
vowel_periph_ratio,0.2987448314303909,0.10884417343655711,0.22465550925835293,0.3686293381853193,eng,irm067,l1_eng,3.361366884382204,-2.325885957243341,0.21768834687311422
f0_creak_ratio,0.35012621239496605,0.1267642873952037,0.2581752677275262,0.43871144051940125,spa,irm067,l1_eng,3.361366884382204,-2.325885957243341,0.2535285747904074
spec_dur_ratio,0.35578617635112686,0.12795458473543678,0.26930673891880796,0.441841907184805,spa,irm067,l1_eng,3.361366884382204,-2.325885957243341,0.25590916947087355
vowel_periph_ratio,0.29408761125390703,0.12347517291275721,0.20795417869788518,0.3776760365236096,spa,irm067,l1_eng,3.361366884382204,-2.325885957243341,0.24695034582551442
f0_creak_ratio,0.41404131552621243,0.14621083954843242,0.3142755020549348,0.5069658174402314,cat,irs023,l1_eng,4.920638395836401,-1.0342179678999557,0.29242167909686484
spec_dur_ratio,0.2818855515597994,0.1188822576461251,0.20181155362489572,0.3595730310856444,cat,irs023,l1_eng,4.920638395836401,-1.0342179678999557,0.2377645152922502
vowel_periph_ratio,0.3040731329139883,0.13511590208789567,0.20415950200950586,0.3903101659059611,cat,irs023,l1_eng,4.920638395836401,-1.0342179678999557,0.27023180417579135
f0_creak_ratio,0.30666420573565184,0.11350745309605524,0.21982529767840592,0.3833715404030784,eng,irs023,l1_eng,4.920638395836401,-1.0342179678999557,0.22701490619211048
spec_dur_ratio,0.37622149527048704,0.14089074966236728,0.27213256087697174,0.47630612215030904,eng,irs023,l1_eng,4.920638395836401,-1.0342179678999557,0.28178149932473456
vowel_periph_ratio,0.3171142989938611,0.13131625172092518,0.22663574382650187,0.40775584161451384,eng,irs023,l1_eng,4.920638395836401,-1.0342179678999557,0.26263250344185035
f0_creak_ratio,0.3743759025403946,0.12672305578614648,0.2821619375740035,0.46978458497444864,spa,irs023,l1_eng,4.920638395836401,-1.0342179678999557,0.25344611157229296
spec_dur_ratio,0.2961217209785839,0.1314618470598781,0.1976702657418962,0.38888032648045867,spa,irs023,l1_eng,4.920638395836401,-1.0342179678999557,0.2629236941197562
vowel_periph_ratio,0.3295023764810215,0.13403667646650172,0.2292938330773375,0.42277046085195075,spa,irs023,l1_eng,4.920638395836401,-1.0342179678999557,0.26807335293300344
f0_creak_ratio,0.36044044968641803,0.17405747730519466,0.22636435913746833,0.48742493523939695,cat,irx018,l3_eng,-4.037812671364068,-4.166713569751294,0.3481149546103893
spec_dur_ratio,0.3038290966433208,0.16063031465646377,0.18132275472981876,0.4121115963014917,cat,irx018,l3_eng,-4.037812671364068,-4.166713569751294,0.32126062931292754
vowel_periph_ratio,0.33573045367026116,0.1753723498614076,0.20079525979909127,0.4580580692393317,cat,irx018,l3_eng,-4.037812671364068,-4.166713569751294,0.3507446997228152
f0_creak_ratio,0.30333376309258514,0.1265265433299609,0.20761046854566872,0.3940293290620684,eng,irx018,l3_eng,-4.037812671364068,-4.166713569751294,0.2530530866599218
spec_dur_ratio,0.4188998388280288,0.15906816583623914,0.2920548980173973,0.548469559907887,eng,irx018,l3_eng,-4.037812671364068,-4.166713569751294,0.3181363316724783
vowel_periph_ratio,0.27776639807938597,0.134776736022862,0.18419814807757792,0.3669100103409265,eng,irx018,l3_eng,-4.037812671364068,-4.166713569751294,0.269553472045724
f0_creak_ratio,0.27422306753844883,0.11284026013215925,0.19340928012357184,0.3563088311037058,spa,irx018,l3_eng,-4.037812671364068,-4.166713569751294,0.2256805202643185
spec_dur_ratio,0.4040277474569443,0.14771644437208226,0.30328183065159486,0.5079615751716398,spa,irx018,l3_eng,-4.037812671364068,-4.166713569751294,0.2954328887441645
vowel_periph_ratio,0.3217491850046068,0.13635439914720787,0.22167119270806424,0.4174808956050278,spa,irx018,l3_eng,-4.037812671364068,-4.166713569751294,0.27270879829441574
f0_creak_ratio,0.37281213541477176,0.13579858588908914,0.2698814907507627,0.4684854870097734,cat,ldm015,l3_eng,-6.873663262294687,2.552005044002522,0.27159717177817827
spec_dur_ratio,0.30956919180035514,0.12387833081894166,0.22057845847602006,0.40524677653018226,cat,ldm015,l3_eng,-6.873663262294687,2.552005044002522,0.24775666163788332
vowel_periph_ratio,0.3176186727848731,0.1279957989465053,0.2354143602081109,0.40491195265553753,cat,ldm015,l3_eng,-6.873663262294687,2.552005044002522,0.2559915978930106
f0_creak_ratio,0.3344341295112847,0.12641930610700683,0.23891213789217533,0.42905163602461416,eng,ldm015,l3_eng,-6.873663262294687,2.552005044002522,0.25283861221401366
spec_dur_ratio,0.3813781163863683,0.14160205648715465,0.2813602014213983,0.49233728877722455,eng,ldm015,l3_eng,-6.873663262294687,2.552005044002522,0.2832041129743093
vowel_periph_ratio,0.2841877541023471,0.1250520543130808,0.19852637807970216,0.36298953094526776,eng,ldm015,l3_eng,-6.873663262294687,2.552005044002522,0.2501041086261616
f0_creak_ratio,0.3482340537618912,0.12369947401197068,0.262402738736075,0.4309252102176494,spa,ldm015,l3_eng,-6.873663262294687,2.552005044002522,0.24739894802394136
spec_dur_ratio,0.31254775492137277,0.11663468973521912,0.224804651552703,0.38945331868613653,spa,ldm015,l3_eng,-6.873663262294687,2.552005044002522,0.23326937947043824
vowel_periph_ratio,0.339218191316736,0.12541556255073158,0.24956479160473088,0.43439342035638984,spa,ldm015,l3_eng,-6.873663262294687,2.552005044002522,0.25083112510146316
f0_creak_ratio,0.32402204847123395,0.11973965550331538,0.23865949820882515,0.408356979637516,eng,lld029,mono,,,0.23947931100663075
spec_dur_ratio,0.3435294161633995,0.1350245996432658,0.24709055595479665,0.43938024596585706,eng,lld029,mono,,,0.2700491992865316
vowel_periph_ratio,0.33244853536536667,0.13045925948679035,0.2372691431702931,0.4222159869604295,eng,lld029,mono,,,0.2609185189735807
f0_creak_ratio,0.36982768056697435,0.2095542179149711,0.2023673388781092,0.5133749301828893,cat,lld031,l1_eng,8.32039784632548,4.558126373270108,0.4191084358299422
spec_dur_ratio,0.37343096448670837,0.23103368297602167,0.19641894180214395,0.5169199297861851,cat,lld031,l1_eng,8.32039784632548,4.558126373270108,0.46206736595204334
vowel_periph_ratio,0.25674135494631717,0.1689965235749039,0.11633890587015595,0.39251428060581045,cat,lld031,l1_eng,8.32039784632548,4.558126373270108,0.3379930471498078
f0_creak_ratio,0.29006302075206114,0.10595577360213201,0.21266045042661505,0.36274862151579235,eng,lld031,l1_eng,8.32039784632548,4.558126373270108,0.21191154720426403
spec_dur_ratio,0.36850926257907707,0.1293131067735753,0.2688577841683367,0.4574408329927034,eng,lld031,l1_eng,8.32039784632548,4.558126373270108,0.2586262135471506
vowel_periph_ratio,0.34142771666886185,0.12875621023085004,0.24947197209998795,0.43181930266455415,eng,lld031,l1_eng,8.32039784632548,4.558126373270108,0.2575124204617001
f0_creak_ratio,0.3341932703250687,0.16871375265276642,0.20884122287968443,0.4491383543702794,spa,lld031,l1_eng,8.32039784632548,4.558126373270108,0.33742750530553284
spec_dur_ratio,0.3499375742013484,0.17551141287919503,0.22963826396627146,0.4719840919299162,spa,lld031,l1_eng,8.32039784632548,4.558126373270108,0.35102282575839006
vowel_periph_ratio,0.3158691554735831,0.17776352238302773,0.18488476485635574,0.4354543776571216,spa,lld031,l1_eng,8.32039784632548,4.558126373270108,0.35552704476605546
f0_creak_ratio,0.3727131635218428,0.1133718656486865,0.2937421185378679,0.4516622140116497,eng,lnd078,mono,,,0.226743731297373
spec_dur_ratio,0.2966385095531593,0.1013785334848944,0.22560596371120223,0.36823254978860587,eng,lnd078,mono,,,0.2027570669697888
vowel_periph_ratio,0.3306483269249979,0.11459121989018331,0.24477871506649188,0.4146020982901907,eng,lnd078,mono,,,0.22918243978036662
f0_creak_ratio,0.3287066338423107,0.20174122714225734,0.1757304710793082,0.47196866925064607,cat,lnm175,l1_eng,5.595493204618044,-0.7884938377436606,0.4034824542845147
spec_dur_ratio,0.3550159519041294,0.21119636751943122,0.19777432568345404,0.501177716514255,cat,lnm175,l1_eng,5.595493204618044,-0.7884938377436606,0.42239273503886243
vowel_periph_ratio,0.31627741425356004,0.20354118204576377,0.15598648522259648,0.44682188471250983,cat,lnm175,l1_eng,5.595493204618044,-0.7884938377436606,0.40708236409152754
f0_creak_ratio,0.2626913972516341,0.17383081185860483,0.11512891154198543,0.40045412660334767,eng,lnm175,l1_eng,5.595493204618044,-0.7884938377436606,0.34766162371720966
spec_dur_ratio,0.518379846473741,0.23030553230538212,0.326299410421653,0.7225147196071625,eng,lnm175,l1_eng,5.595493204618044,-0.7884938377436606,0.46061106461076423
vowel_periph_ratio,0.21892875627462483,0.14560165625293783,0.0954056778144427,0.327322850893757,eng,lnm175,l1_eng,5.595493204618044,-0.7884938377436606,0.29120331250587567
f0_creak_ratio,0.2959862124881051,0.28332684251007795,0.0,0.45081508213041305,spa,lnm175,l1_eng,5.595493204618044,-0.7884938377436606,0.5666536850201559
spec_dur_ratio,0.29938517936476283,0.2928299570258588,0.0,0.4661535111230233,spa,lnm175,l1_eng,5.595493204618044,-0.7884938377436606,0.5856599140517176
vowel_periph_ratio,0.40462860814713214,0.3204674814059771,0.0,0.6260193452380953,spa,lnm175,l1_eng,5.595493204618044,-0.7884938377436606,0.6409349628119542
f0_creak_ratio,0.37683919310466507,0.14026083664206176,0.2777837291224865,0.4691350124913909,cat,lrv099,l3_eng,-5.560950612484583,-3.1509565735981013,0.28052167328412353
spec_dur_ratio,0.3316537239784785,0.1396808923859348,0.22615740452985927,0.4242017466428477,cat,lrv099,l3_eng,-5.560950612484583,-3.1509565735981013,0.2793617847718696
vowel_periph_ratio,0.29150708291685645,0.13577352811015483,0.18505190485513767,0.38425483983044284,cat,lrv099,l3_eng,-5.560950612484583,-3.1509565735981013,0.27154705622030967
f0_creak_ratio,0.3989303350086621,0.14298756719712222,0.2926673072760333,0.5078391685245048,eng,lrv099,l3_eng,-5.560950612484583,-3.1509565735981013,0.28597513439424443
spec_dur_ratio,0.31419627771137226,0.14818129313598413,0.2037256927609063,0.41251479808182395,eng,lrv099,l3_eng,-5.560950612484583,-3.1509565735981013,0.29636258627196826
vowel_periph_ratio,0.28687338727996564,0.1321793430131123,0.19008758345315446,0.3662126764630175,eng,lrv099,l3_eng,-5.560950612484583,-3.1509565735981013,0.2643586860262246
f0_creak_ratio,0.34350506538939196,0.11716566215537375,0.27229031354607397,0.4265492316652915,spa,lrv099,l3_eng,-5.560950612484583,-3.1509565735981013,0.2343313243107475
spec_dur_ratio,0.34376974945698324,0.12318802153731437,0.25881985595011137,0.42790773152328143,spa,lrv099,l3_eng,-5.560950612484583,-3.1509565735981013,0.24637604307462874
vowel_periph_ratio,0.31272518515362485,0.11765106284438977,0.2243159883832776,0.3938524379830135,spa,lrv099,l3_eng,-5.560950612484583,-3.1509565735981013,0.23530212568877953
f0_creak_ratio,0.3547195439672526,0.11959805521284796,0.2807975240439842,0.4310161817953745,eng,mae116,mono,,,0.2391961104256959
spec_dur_ratio,0.3674809300241138,0.14567135399337056,0.25346637789594134,0.4611924963037225,eng,mae116,mono,,,0.2913427079867411
vowel_periph_ratio,0.2777995260086336,0.10384946331187155,0.20875293336434028,0.34653040668060453,eng,mae116,mono,,,0.2076989266237431
f0_creak_ratio,0.30919689941503486,0.1244294345653561,0.21757820983364462,0.4002076273108771,cat,nde013,l1_eng,2.538149818596855,-2.341167948540112,0.2488588691307122
spec_dur_ratio,0.3538845219955687,0.15614568456322558,0.23212508587089428,0.45891225783548184,cat,nde013,l1_eng,2.538149818596855,-2.341167948540112,0.31229136912645117
vowel_periph_ratio,0.33691857858939644,0.13005759853942528,0.2426340511974109,0.4341019806039062,cat,nde013,l1_eng,2.538149818596855,-2.341167948540112,0.26011519707885056
f0_creak_ratio,0.3478533414623114,0.15334523965545185,0.23057626171640938,0.4670494006221484,eng,nde013,l1_eng,2.538149818596855,-2.341167948540112,0.3066904793109037
spec_dur_ratio,0.39370894208576107,0.15502361686598426,0.27490254564084543,0.514570172927615,eng,nde013,l1_eng,2.538149818596855,-2.341167948540112,0.3100472337319685
vowel_periph_ratio,0.2584377164519276,0.10115248692257257,0.18761290677833103,0.31984220983415407,eng,nde013,l1_eng,2.538149818596855,-2.341167948540112,0.20230497384514515
f0_creak_ratio,0.3611420436142128,0.17625406482721043,0.21563085200693888,0.49898788107035563,spa,nde013,l1_eng,2.538149818596855,-2.341167948540112,0.35250812965442085
spec_dur_ratio,0.4154218421793329,0.18923570625545919,0.27409222946116724,0.5635491633055376,spa,nde013,l1_eng,2.538149818596855,-2.341167948540112,0.37847141251091837
vowel_periph_ratio,0.22343611420645426,0.11936582724853177,0.13605017831521038,0.2966214042372512,spa,nde013,l1_eng,2.538149818596855,-2.341167948540112,0.23873165449706354
f0_creak_ratio,0.38484845466523493,0.22572500677229204,0.19439410544493604,0.5434867228289728,cat,nir048,l1_eng,3.892734422087786,-2.7268145203117564,0.4514500135445841
spec_dur_ratio,0.2820912294333657,0.20132723376522818,0.1305127770238213,0.40532460433776235,cat,nir048,l1_eng,3.892734422087786,-2.7268145203117564,0.40265446753045636
vowel_periph_ratio,0.33306031590139945,0.2300296946018305,0.13356434355360297,0.5076019296607532,cat,nir048,l1_eng,3.892734422087786,-2.7268145203117564,0.460059389203661
f0_creak_ratio,0.3748932967426226,0.1307251379403819,0.2808323104540269,0.46589403112955924,eng,nir048,l1_eng,3.892734422087786,-2.7268145203117564,0.2614502758807638
spec_dur_ratio,0.3158186049293464,0.12320993009945483,0.22404406626646828,0.39563824340090775,eng,nir048,l1_eng,3.892734422087786,-2.7268145203117564,0.24641986019890966
vowel_periph_ratio,0.309288098328031,0.11747852272898558,0.23020395623603843,0.3805279963257294,eng,nir048,l1_eng,3.892734422087786,-2.7268145203117564,0.23495704545797116
f0_creak_ratio,0.3909073191375427,0.1380875137335608,0.2945595317020917,0.4830252082476348,spa,nir048,l1_eng,3.892734422087786,-2.7268145203117564,0.2761750274671216
spec_dur_ratio,0.35228035593876117,0.14391428115302748,0.2447110033301318,0.4507112636134744,spa,nir048,l1_eng,3.892734422087786,-2.7268145203117564,0.28782856230605497
vowel_periph_ratio,0.2568123249236961,0.1208420183716304,0.16668729152685346,0.3364427609760448,spa,nir048,l1_eng,3.892734422087786,-2.7268145203117564,0.2416840367432608
f0_creak_ratio,0.4413723552366171,0.16662478369121597,0.3158712565560651,0.574512814780668,cat,nlc102,l3_eng,-7.496278821928531,2.840881906915788,0.33324956738243194
spec_dur_ratio,0.23567381477691818,0.11485683143915072,0.15304680400588322,0.3014421098209768,cat,nlc102,l3_eng,-7.496278821928531,2.840881906915788,0.22971366287830144
vowel_periph_ratio,0.32295382998646466,0.14485169780637494,0.20742944252663148,0.43370805589080264,cat,nlc102,l3_eng,-7.496278821928531,2.840881906915788,0.2897033956127499
f0_creak_ratio,0.3003615475029544,0.12604914668208,0.19905218027885213,0.39247122658157185,eng,nlc102,l3_eng,-7.496278821928531,2.840881906915788,0.25209829336416
spec_dur_ratio,0.4236050816203503,0.1460179666205687,0.31912772058710454,0.5311539467551556,eng,nlc102,l3_eng,-7.496278821928531,2.840881906915788,0.2920359332411374
vowel_periph_ratio,0.2760333708766953,0.11891670602062639,0.18755078439771544,0.360748065551158,eng,nlc102,l3_eng,-7.496278821928531,2.840881906915788,0.23783341204125277
f0_creak_ratio,0.5221212581050485,0.18755386878027874,0.38518951750170216,0.6684295884175226,spa,nlc102,l3_eng,-7.496278821928531,2.840881906915788,0.3751077375605575
spec_dur_ratio,0.21833441703219625,0.12349812583516398,0.12476919535335447,0.2889587544115475,spa,nlc102,l3_eng,-7.496278821928531,2.840881906915788,0.24699625167032796
vowel_periph_ratio,0.2595443248627552,0.15401007211687348,0.13956337574159267,0.372317040259168,spa,nlc102,l3_eng,-7.496278821928531,2.840881906915788,0.30802014423374696
f0_creak_ratio,0.3087289697160881,0.10526206871392968,0.23335688574816302,0.37885913860902054,eng,oan043,mono,,,0.21052413742785936
spec_dur_ratio,0.3527406961657057,0.11556606261383143,0.2726944127218746,0.42690646260180837,eng,oan043,mono,,,0.23113212522766285
vowel_periph_ratio,0.33853033411820616,0.11003404977782398,0.2559293587734993,0.41384469254796474,eng,oan043,mono,,,0.22006809955564796
f0_creak_ratio,0.46168883858687787,0.20726450490204001,0.3023031279144571,0.6266290642483952,cat,rre101,l3_eng,-4.6982062141367,3.409552863213947,0.41452900980408003
spec_dur_ratio,0.32226060345389757,0.19834914274985818,0.17081502340339913,0.42248876703666455,cat,rre101,l3_eng,-4.6982062141367,3.409552863213947,0.39669828549971636
vowel_periph_ratio,0.2160505579592246,0.11797511049128065,0.12858206821340468,0.2913701573262959,cat,rre101,l3_eng,-4.6982062141367,3.409552863213947,0.2359502209825613
f0_creak_ratio,0.32609674934712785,0.1321162693804258,0.22111317679039622,0.42256367658292054,eng,rre101,l3_eng,-4.6982062141367,3.409552863213947,0.2642325387608516
spec_dur_ratio,0.343176055055261,0.13221451236571333,0.24637824438275807,0.4286156278297078,eng,rre101,l3_eng,-4.6982062141367,3.409552863213947,0.26442902473142665
vowel_periph_ratio,0.33072719559761116,0.13766288165277393,0.23011079511401802,0.42208768873283076,eng,rre101,l3_eng,-4.6982062141367,3.409552863213947,0.27532576330554787
f0_creak_ratio,0.32051973077587526,0.13239705394841295,0.22576434201302908,0.41398273712301786,spa,rre101,l3_eng,-4.6982062141367,3.409552863213947,0.2647941078968259
spec_dur_ratio,0.34355064807201685,0.13590839664054066,0.24917342082520655,0.4342726033663408,spa,rre101,l3_eng,-4.6982062141367,3.409552863213947,0.2718167932810813
vowel_periph_ratio,0.3359296211521079,0.13459263686381676,0.2372224401972397,0.4308496491438702,spa,rre101,l3_eng,-4.6982062141367,3.409552863213947,0.2691852737276335
f0_creak_ratio,0.3657110560640944,0.14036043385404406,0.2673011706191546,0.4601623215178923,cat,rrr070,l3_eng,-3.845810047538216,-0.1338343406165303,0.28072086770808813
spec_dur_ratio,0.31779142996897897,0.13306722266973572,0.2206620144004111,0.405067581670329,cat,rrr070,l3_eng,-3.845810047538216,-0.1338343406165303,0.26613444533947145
vowel_periph_ratio,0.3164975139669267,0.14903849833268418,0.21248116232264785,0.4082216505157421,cat,rrr070,l3_eng,-3.845810047538216,-0.1338343406165303,0.29807699666536835
f0_creak_ratio,0.3402643479678294,0.13559714232160838,0.2464922526154198,0.44592508624051796,eng,rrr070,l3_eng,-3.845810047538216,-0.1338343406165303,0.27119428464321677
spec_dur_ratio,0.34231176403689834,0.14651642630790737,0.23654593412672204,0.4279067610196967,eng,rrr070,l3_eng,-3.845810047538216,-0.1338343406165303,0.29303285261581474
vowel_periph_ratio,0.31742388799527216,0.12927748577067,0.2189914447867574,0.4073244655741595,eng,rrr070,l3_eng,-3.845810047538216,-0.1338343406165303,0.25855497154134
f0_creak_ratio,0.3085269708110524,0.1454755991003678,0.19649016535340838,0.4022884831896346,spa,rrr070,l3_eng,-3.845810047538216,-0.1338343406165303,0.2909511982007356
spec_dur_ratio,0.30036458065795013,0.12743735940859832,0.20360824207545755,0.3900401469561099,spa,rrr070,l3_eng,-3.845810047538216,-0.1338343406165303,0.25487471881719664
vowel_periph_ratio,0.3911084485309974,0.16956394471118644,0.26341674452394204,0.5149918166769069,spa,rrr070,l3_eng,-3.845810047538216,-0.1338343406165303,0.3391278894223729
f0_creak_ratio,0.2868556967211656,0.1479958067439715,0.1722522162657361,0.392404362639247,eng,rsj0489,mono,,,0.295991613487943
spec_dur_ratio,0.46248729810558503,0.1769818700075942,0.3204985286099039,0.6088614447045356,eng,rsj0489,mono,,,0.3539637400151884
vowel_periph_ratio,0.2506570051732493,0.12150200164740854,0.16478230298980295,0.32715606970118866,eng,rsj0489,mono,,,0.24300400329481708
f0_creak_ratio,0.3254393122250438,0.11146834972436769,0.24884477202043806,0.3977254958224187,eng,ruj030,mono,,,0.22293669944873537
spec_dur_ratio,0.3243544243912734,0.11498886100852482,0.24514718709795646,0.39369488946750486,eng,ruj030,mono,,,0.22997772201704964
vowel_periph_ratio,0.35020626338368277,0.12628978452792602,0.2667142364037711,0.428865123690424,eng,ruj030,mono,,,0.25257956905585205
f0_creak_ratio,0.3615319270830323,0.11941291069741408,0.27647955367469135,0.4384576763468774,eng,sas050,mono,,,0.23882582139482816
spec_dur_ratio,0.34558039865851514,0.12049750767795309,0.2661997015478947,0.4214168563071774,eng,sas050,mono,,,0.24099501535590617
vowel_periph_ratio,0.29288767425845263,0.11293949393982179,0.21528734160420152,0.3728949958881961,eng,sas050,mono,,,0.22587898787964358
f0_creak_ratio,0.3209427215637366,0.11350049741403291,0.24422101412806965,0.4023772643428868,eng,sln040,mono,,,0.22700099482806582
spec_dur_ratio,0.3618897694113467,0.11342923872756092,0.28808900191262066,0.4328723695184058,eng,sln040,mono,,,0.22685847745512183
vowel_periph_ratio,0.31716750902491664,0.1168966199441159,0.23685762284333145,0.3946953940702091,eng,sln040,mono,,,0.2337932398882318
f0_creak_ratio,0.30686698578110405,0.1201660838520016,0.21765373718943093,0.39230563342307967,cat,srm056,l3_eng,-7.669850446167048,1.5806970368776103,0.2403321677040032
spec_dur_ratio,0.3797423859178051,0.13925081370829775,0.27854627900708884,0.4700858437996676,cat,srm056,l3_eng,-7.669850446167048,1.5806970368776103,0.2785016274165955
vowel_periph_ratio,0.31339062830109077,0.13404768431074351,0.22417502780688753,0.39650386113312436,cat,srm056,l3_eng,-7.669850446167048,1.5806970368776103,0.26809536862148703
f0_creak_ratio,0.3114777613562663,0.12094159858933656,0.22078114550940642,0.39596001349262583,eng,srm056,l3_eng,-7.669850446167048,1.5806970368776103,0.24188319717867313
spec_dur_ratio,0.37924125166437245,0.14155381314602547,0.2641334499024956,0.48486226049347764,eng,srm056,l3_eng,-7.669850446167048,1.5806970368776103,0.28310762629205094
vowel_periph_ratio,0.3092809869793612,0.12969150864208884,0.214281594741053,0.39889757761390787,eng,srm056,l3_eng,-7.669850446167048,1.5806970368776103,0.2593830172841777
f0_creak_ratio,0.4352885553583021,0.18421079733773907,0.2975428562740847,0.5750366619419401,spa,srm056,l3_eng,-7.669850446167048,1.5806970368776103,0.36842159467547814
spec_dur_ratio,0.30598016293045177,0.15469639574312322,0.18375599867317244,0.4135416190781146,spa,srm056,l3_eng,-7.669850446167048,1.5806970368776103,0.30939279148624643
vowel_periph_ratio,0.2587312817112461,0.13770896812777975,0.14608150777568357,0.3468685991188221,spa,srm056,l3_eng,-7.669850446167048,1.5806970368776103,0.2754179362555595
f0_creak_ratio,0.4187466690023594,0.21290818135834025,0.23464347130044805,0.5890611592992545,cat,usm074,l3_eng,-6.8966799355352535,2.2151969843269907,0.4258163627166805
spec_dur_ratio,0.28359521450960756,0.18630424814359886,0.1450895745984439,0.40100872760025286,cat,usm074,l3_eng,-6.8966799355352535,2.2151969843269907,0.3726084962871977
vowel_periph_ratio,0.29765811648803314,0.16788826295944764,0.1695183964086936,0.4105426927554171,cat,usm074,l3_eng,-6.8966799355352535,2.2151969843269907,0.3357765259188953
f0_creak_ratio,0.31826683968151204,0.1442728668354328,0.20289984348990456,0.42415514840924057,eng,usm074,l3_eng,-6.8966799355352535,2.2151969843269907,0.2885457336708656
spec_dur_ratio,0.40720455804959216,0.1827091000951012,0.27546921134099267,0.5345701861630707,eng,usm074,l3_eng,-6.8966799355352535,2.2151969843269907,0.3654182001902024
vowel_periph_ratio,0.27452860226889575,0.15317270195035093,0.16046153571224803,0.3809605967318883,eng,usm074,l3_eng,-6.8966799355352535,2.2151969843269907,0.30634540390070186
f0_creak_ratio,0.35200406097157877,0.13533240110833486,0.2559013586051192,0.45361486813867763,spa,usm074,l3_eng,-6.8966799355352535,2.2151969843269907,0.2706648022166697
spec_dur_ratio,0.3569357089991035,0.14483045228013144,0.24208014285275065,0.4610069941081535,spa,usm074,l3_eng,-6.8966799355352535,2.2151969843269907,0.2896609045602629
vowel_periph_ratio,0.29106023002931786,0.1335042209120596,0.18804075275932458,0.38462796824756706,spa,usm074,l3_eng,-6.8966799355352535,2.2151969843269907,0.2670084418241192
f0_creak_ratio,0.26652897418445826,0.10243969490895997,0.19582587967361775,0.3370176462497535,eng,ywm017,mono,,,0.20487938981791995
spec_dur_ratio,0.404608855806064,0.14718573913259003,0.29078307551653143,0.515003967845941,eng,ywm017,mono,,,0.29437147826518006
vowel_periph_ratio,0.32886217000947765,0.12771300145965628,0.23603344593910633,0.4228113324716232,eng,ywm017,mono,,,0.25542600291931256
f0_creak_ratio,0.4030709704310813,0.13689476169071926,0.3050965231456193,0.5071717487548568,eng,ael236,mono,,,0.2737895233814385
spec_dur_ratio,0.3126300825493805,0.11628285823660109,0.23023591252525172,0.3921961681579552,eng,ael236,mono,,,0.23256571647320218
vowel_periph_ratio,0.2842989470195382,0.1150771201894832,0.2027473069023024,0.3575617121964212,eng,ael236,mono,,,0.2301542403789664
f0_creak_ratio,0.34394547632342626,0.17393772192248394,0.20846151658700382,0.47623399744793543,cat,anm149,l1_eng,1.5568666708087515,0.403033134076766,0.3478754438449679
spec_dur_ratio,0.3632221231657401,0.1882643792070809,0.22515047982302278,0.5028995698643961,cat,anm149,l1_eng,1.5568666708087515,0.403033134076766,0.3765287584141618
vowel_periph_ratio,0.2928324005108337,0.15589883683473194,0.17487504325739625,0.39172492465837894,cat,anm149,l1_eng,1.5568666708087515,0.403033134076766,0.31179767366946387
f0_creak_ratio,0.32991204282532777,0.11221843316522487,0.2493756486476441,0.4141290993223591,eng,anm149,l1_eng,1.5568666708087515,0.403033134076766,0.22443686633044974
spec_dur_ratio,0.3812810458753199,0.12365527747040392,0.29814849861532594,0.4480793962479295,eng,anm149,l1_eng,1.5568666708087515,0.403033134076766,0.24731055494080784
vowel_periph_ratio,0.2888069112993524,0.1094262754668259,0.20662772012138575,0.35974835492136065,eng,anm149,l1_eng,1.5568666708087515,0.403033134076766,0.2188525509336518
f0_creak_ratio,0.28816581448085227,0.1158438967495027,0.21155754622155587,0.36866174756799763,spa,anm149,l1_eng,1.5568666708087515,0.403033134076766,0.2316877934990054
spec_dur_ratio,0.39807017887627294,0.14640245854116127,0.28889693989947995,0.5009395041138351,spa,anm149,l1_eng,1.5568666708087515,0.403033134076766,0.29280491708232254
vowel_periph_ratio,0.31376400664287474,0.14049892852927887,0.21035524072352718,0.40127175264954784,spa,anm149,l1_eng,1.5568666708087515,0.403033134076766,0.28099785705855773
f0_creak_ratio,0.36283591579274294,0.13018312565979984,0.2677926941912796,0.4547702315487677,cat,arr030,l3_eng,-4.591303916406846,-3.3652944630503807,0.2603662513195997
spec_dur_ratio,0.30896929357572384,0.1133740825164285,0.2275695001485443,0.3749398315872624,cat,arr030,l3_eng,-4.591303916406846,-3.3652944630503807,0.226748165032857
vowel_periph_ratio,0.32819479063153323,0.12138075479407757,0.23967446172577805,0.40706582675972436,cat,arr030,l3_eng,-4.591303916406846,-3.3652944630503807,0.24276150958815515
f0_creak_ratio,0.37898542477699576,0.12975941848319872,0.29439292501120834,0.46274168982115305,eng,arr030,l3_eng,-4.591303916406846,-3.3652944630503807,0.25951883696639744
spec_dur_ratio,0.3433454202703918,0.12569407288813,0.24929822745956248,0.4343702017849211,eng,arr030,l3_eng,-4.591303916406846,-3.3652944630503807,0.25138814577626
vowel_periph_ratio,0.2776691549526124,0.10915547855366327,0.2016368913529897,0.3538399786086478,eng,arr030,l3_eng,-4.591303916406846,-3.3652944630503807,0.21831095710732654
f0_creak_ratio,0.3264132921805228,0.11650081093722384,0.2427976834378275,0.40155627520700865,spa,arr030,l3_eng,-4.591303916406846,-3.3652944630503807,0.23300162187444767
spec_dur_ratio,0.34481807626488636,0.12232829266540475,0.2603270267071597,0.422687414436503,spa,arr030,l3_eng,-4.591303916406846,-3.3652944630503807,0.2446565853308095
vowel_periph_ratio,0.3287686315545908,0.1278476642357427,0.23764668367346942,0.4127446283280639,spa,arr030,l3_eng,-4.591303916406846,-3.3652944630503807,0.2556953284714854
f0_creak_ratio,0.3393784734722918,0.16620979448117507,0.21391854447541317,0.4594116840035163,cat,dis022,l1_eng,5.450197048775659,-0.1360480028004232,0.33241958896235013
spec_dur_ratio,0.3839508397341625,0.18292186750594192,0.25466192686545924,0.49858023332383816,cat,dis022,l1_eng,5.450197048775659,-0.1360480028004232,0.36584373501188383
vowel_periph_ratio,0.27667068679354573,0.15663176366812326,0.14717531790702526,0.3838174402251592,cat,dis022,l1_eng,5.450197048775659,-0.1360480028004232,0.3132635273362465
f0_creak_ratio,0.3656750565815497,0.12687383318995518,0.2629780895028711,0.45729870691375674,eng,dis022,l1_eng,5.450197048775659,-0.1360480028004232,0.25374766637991036
spec_dur_ratio,0.33873516563878747,0.12133311044304873,0.24709838444291382,0.421175736841076,eng,dis022,l1_eng,5.450197048775659,-0.1360480028004232,0.24266622088609746
vowel_periph_ratio,0.2955897777796628,0.10953883600016476,0.21914207720117101,0.3683545714734692,eng,dis022,l1_eng,5.450197048775659,-0.1360480028004232,0.21907767200032952
f0_creak_ratio,0.3851617509378827,0.2822064914050396,0.13633306864311273,0.6813797660021454,spa,dis022,l1_eng,5.450197048775659,-0.1360480028004232,0.5644129828100792
spec_dur_ratio,0.3211181159272935,0.2500502398915577,0.11452991452991451,0.5330979229086661,spa,dis022,l1_eng,5.450197048775659,-0.1360480028004232,0.5001004797831154
vowel_periph_ratio,0.29372013313482387,0.2685922062261675,0.05969341563786006,0.4914925372571992,spa,dis022,l1_eng,5.450197048775659,-0.1360480028004232,0.537184412452335
f0_creak_ratio,0.4515775884085378,0.28323590784599856,0.2003656481869456,0.7472672139887621,cat,eir057,l1_eng,4.9324135813698655,-1.5956122973509013,0.5664718156919971
spec_dur_ratio,0.28565493372666156,0.2425408307785848,0.0740495745076036,0.49690944311738283,cat,eir057,l1_eng,4.9324135813698655,-1.5956122973509013,0.4850816615571696
vowel_periph_ratio,0.26276747786480076,0.21160651543366724,0.09309741521840642,0.3900388017684139,cat,eir057,l1_eng,4.9324135813698655,-1.5956122973509013,0.42321303086733447
f0_creak_ratio,0.38274370979075306,0.12669292219546366,0.2836347841288268,0.4818195178470828,eng,eir057,l1_eng,4.9324135813698655,-1.5956122973509013,0.2533858443909273
spec_dur_ratio,0.3198863153219789,0.11494628984422689,0.23396374535172687,0.39368837435684356,eng,eir057,l1_eng,4.9324135813698655,-1.5956122973509013,0.22989257968845378
vowel_periph_ratio,0.297369974887268,0.11709984678658422,0.2187202310955245,0.37387181871998876,eng,eir057,l1_eng,4.9324135813698655,-1.5956122973509013,0.23419969357316844
f0_creak_ratio,0.33868472263572824,0.150745929536784,0.23334477452923746,0.44180609458537295,spa,eir057,l1_eng,4.9324135813698655,-1.5956122973509013,0.301491859073568
spec_dur_ratio,0.3699016260856045,0.1523333306066845,0.26416798055785007,0.4681836353743598,spa,eir057,l1_eng,4.9324135813698655,-1.5956122973509013,0.304666661213369
vowel_periph_ratio,0.29141365127866714,0.1382188258807202,0.1930332908797769,0.38183505592082423,spa,eir057,l1_eng,4.9324135813698655,-1.5956122973509013,0.2764376517614404
f0_creak_ratio,0.3270666867288442,0.12390232295383126,0.22994265397200198,0.41329484997771365,cat,elc149,l3_eng,-4.0012901427916026,-2.2213329080347037,0.24780464590766252
spec_dur_ratio,0.29492036382391645,0.12597511054395744,0.20601778798370443,0.37768834615659147,cat,elc149,l3_eng,-4.0012901427916026,-2.2213329080347037,0.25195022108791487
vowel_periph_ratio,0.37801294944723934,0.13463057904268683,0.2839111119983388,0.4749273236496271,cat,elc149,l3_eng,-4.0012901427916026,-2.2213329080347037,0.26926115808537365
f0_creak_ratio,0.26716041582300765,0.13275321651039224,0.16636968857774784,0.35926266111669947,eng,elc149,l3_eng,-4.0012901427916026,-2.2213329080347037,0.26550643302078447
spec_dur_ratio,0.4979571695249106,0.1647609894068174,0.39064982961553585,0.6205594010221568,eng,elc149,l3_eng,-4.0012901427916026,-2.2213329080347037,0.3295219788136348
vowel_periph_ratio,0.23488241465208184,0.12405599487412974,0.1357959089235741,0.31727717547373036,eng,elc149,l3_eng,-4.0012901427916026,-2.2213329080347037,0.2481119897482595
f0_creak_ratio,0.3329709903379361,0.12407629649021919,0.24439093601467224,0.4200202534872022,spa,elc149,l3_eng,-4.0012901427916026,-2.2213329080347037,0.24815259298043837
spec_dur_ratio,0.30509145842113367,0.10681415251909475,0.23064288784689996,0.3729249308062589,spa,elc149,l3_eng,-4.0012901427916026,-2.2213329080347037,0.2136283050381895
vowel_periph_ratio,0.36193755124093036,0.13773858590386243,0.26683095518869016,0.45692934944947655,spa,elc149,l3_eng,-4.0012901427916026,-2.2213329080347037,0.27547717180772485
f0_creak_ratio,0.3685988066588997,0.19697604616199113,0.1976033581156002,0.5253916209340878,cat,eum191,l3_eng,-6.704566719284252,3.579550488889268,0.39395209232398226
spec_dur_ratio,0.4328577384012236,0.20731511094510766,0.26257701448877924,0.5947448231100656,cat,eum191,l3_eng,-6.704566719284252,3.579550488889268,0.4146302218902153
vowel_periph_ratio,0.19854345493987668,0.11557127886451028,0.10706175562915102,0.27456094585516366,cat,eum191,l3_eng,-6.704566719284252,3.579550488889268,0.23114255772902056
f0_creak_ratio,0.3298055512465381,0.13465051340295736,0.23060461324821338,0.43095918478414896,eng,eum191,l3_eng,-6.704566719284252,3.579550488889268,0.2693010268059147
spec_dur_ratio,0.3357566623515429,0.13950567757766277,0.22467984546860909,0.4306854797160782,eng,eum191,l3_eng,-6.704566719284252,3.579550488889268,0.27901135515532555
vowel_periph_ratio,0.33443778640191885,0.1436563480287574,0.23449275330293512,0.4354153261600546,eng,eum191,l3_eng,-6.704566719284252,3.579550488889268,0.2873126960575148
f0_creak_ratio,0.32895933272225836,0.11973736465092974,0.24495243962840613,0.4070400266701225,spa,eum191,l3_eng,-6.704566719284252,3.579550488889268,0.23947472930185948
spec_dur_ratio,0.3266534625516665,0.12003535316926933,0.23956120822059762,0.42097324243265866,spa,eum191,l3_eng,-6.704566719284252,3.579550488889268,0.24007070633853866
vowel_periph_ratio,0.3443872047260753,0.1366704202033746,0.24587748629362982,0.43944337680031403,spa,eum191,l3_eng,-6.704566719284252,3.579550488889268,0.2733408404067492
f0_creak_ratio,0.45596711349843655,0.191379060326245,0.3200122878844575,0.5928675939847157,cat,hya248,l1_eng,3.1413770065755813,-0.1894139781397836,0.38275812065249
spec_dur_ratio,0.324392867220186,0.16672304957599246,0.19587494036448086,0.4329815777027706,cat,hya248,l1_eng,3.1413770065755813,-0.1894139781397836,0.3334460991519849
vowel_periph_ratio,0.21964001928137747,0.14031578251553278,0.11443436505994747,0.3109171811183057,cat,hya248,l1_eng,3.1413770065755813,-0.1894139781397836,0.28063156503106557
f0_creak_ratio,0.3662458102034963,0.13395621234044233,0.2707802938497713,0.4705061746972782,eng,hya248,l1_eng,3.1413770065755813,-0.1894139781397836,0.26791242468088466
spec_dur_ratio,0.35854757939893694,0.13306354359941017,0.2587225302498163,0.44948027370175403,eng,hya248,l1_eng,3.1413770065755813,-0.1894139781397836,0.26612708719882033
vowel_periph_ratio,0.27520661039756683,0.10473674460496113,0.2076828967828968,0.35066901116610194,eng,hya248,l1_eng,3.1413770065755813,-0.1894139781397836,0.20947348920992226
f0_creak_ratio,0.3593468639417206,0.19747260430848126,0.20396741742540603,0.5103374296660171,spa,hya248,l1_eng,3.1413770065755813,-0.1894139781397836,0.39494520861696253
spec_dur_ratio,0.3596457148591561,0.16925848355955386,0.2396287623342225,0.4729070957977207,spa,hya248,l1_eng,3.1413770065755813,-0.1894139781397836,0.3385169671191077
vowel_periph_ratio,0.28100742119912325,0.18324930696044803,0.13022305607671464,0.42485093741729407,spa,hya248,l1_eng,3.1413770065755813,-0.1894139781397836,0.36649861392089605
f0_creak_ratio,0.34096978345629725,0.12418564360321882,0.25198254271646225,0.4309345465100614,cat,irm109,l3_eng,-4.139981271833763,-3.766948399288035,0.24837128720643764
spec_dur_ratio,0.33376682500237853,0.12967175138141318,0.23857482507502387,0.41557602022044765,cat,irm109,l3_eng,-4.139981271833763,-3.766948399288035,0.25934350276282636
vowel_periph_ratio,0.3252633915413242,0.11825308168955606,0.24405196172344112,0.4031470682009692,cat,irm109,l3_eng,-4.139981271833763,-3.766948399288035,0.23650616337911212
f0_creak_ratio,0.3337256100761716,0.12789019498965862,0.2424518392916793,0.42532055906881944,eng,irm109,l3_eng,-4.139981271833763,-3.766948399288035,0.25578038997931724
spec_dur_ratio,0.3443485671163129,0.13417026394709083,0.2511439941009536,0.43161808890668907,eng,irm109,l3_eng,-4.139981271833763,-3.766948399288035,0.26834052789418167
vowel_periph_ratio,0.3219258228075156,0.12830375282247827,0.2325338908895329,0.41353371180459525,eng,irm109,l3_eng,-4.139981271833763,-3.766948399288035,0.25660750564495655
f0_creak_ratio,0.306905373315408,0.15075346960060645,0.18320797049496368,0.40817068914997584,spa,irm109,l3_eng,-4.139981271833763,-3.766948399288035,0.3015069392012129
spec_dur_ratio,0.40236333278394315,0.16365248229980595,0.2715332020128379,0.5385038600129912,spa,irm109,l3_eng,-4.139981271833763,-3.766948399288035,0.3273049645996119
vowel_periph_ratio,0.2907312939006488,0.12233050127820291,0.2065092491420532,0.37333072310921794,spa,irm109,l3_eng,-4.139981271833763,-3.766948399288035,0.24466100255640583
f0_creak_ratio,0.32606130995364163,0.1437080172309136,0.22390941075123796,0.4226008005015169,cat,lic063,l1_eng,5.379062679645154,0.5134924576725792,0.2874160344618272
spec_dur_ratio,0.3535761576213268,0.15318203621617707,0.23276948023787547,0.45958988014909075,cat,lic063,l1_eng,5.379062679645154,0.5134924576725792,0.30636407243235414
vowel_periph_ratio,0.3203625324250315,0.1487521653990075,0.21030437169648902,0.4214673655018652,cat,lic063,l1_eng,5.379062679645154,0.5134924576725792,0.297504330798015
f0_creak_ratio,0.3356393820331174,0.16725260466363587,0.19967625526026794,0.4615465513046826,eng,lic063,l1_eng,5.379062679645154,0.5134924576725792,0.33450520932727174
spec_dur_ratio,0.38051755105337776,0.1663037724275256,0.2532726618639931,0.5041247383485171,eng,lic063,l1_eng,5.379062679645154,0.5134924576725792,0.3326075448550512
vowel_periph_ratio,0.28384306691350486,0.14112101868119087,0.16658767864361923,0.3796966335207819,eng,lic063,l1_eng,5.379062679645154,0.5134924576725792,0.28224203736238174
f0_creak_ratio,0.36442934070109495,0.14753022114751596,0.25763613187210366,0.4734877599859218,spa,lic063,l1_eng,5.379062679645154,0.5134924576725792,0.2950604422950319
spec_dur_ratio,0.31804853226688434,0.13854894149610633,0.21840112551178897,0.42132305171758744,spa,lic063,l1_eng,5.379062679645154,0.5134924576725792,0.27709788299221266
vowel_periph_ratio,0.3175221270320209,0.13974223844981515,0.21864756555503934,0.4072585438841989,spa,lic063,l1_eng,5.379062679645154,0.5134924576725792,0.2794844768996303
f0_creak_ratio,0.34227439567875595,0.16611739794058528,0.2106972583929207,0.4653613116393949,cat,lrs017,l3_eng,-5.213138220340936,-0.5397006240670239,0.33223479588117055
spec_dur_ratio,0.3340409317237868,0.15721508073806068,0.20100762294849975,0.45851324749316286,cat,lrs017,l3_eng,-5.213138220340936,-0.5397006240670239,0.31443016147612135
vowel_periph_ratio,0.3236846725974573,0.15071677989061466,0.2087575827060283,0.4262796587576646,cat,lrs017,l3_eng,-5.213138220340936,-0.5397006240670239,0.3014335597812293
f0_creak_ratio,0.30693979842291086,0.1441225524407959,0.19233700880187377,0.40757723997498146,eng,lrs017,l3_eng,-5.213138220340936,-0.5397006240670239,0.2882451048815918
spec_dur_ratio,0.43053402973878374,0.1646880781343663,0.3034077965372567,0.5603899965750561,eng,lrs017,l3_eng,-5.213138220340936,-0.5397006240670239,0.3293761562687326
vowel_periph_ratio,0.2625261718383054,0.11709235779000149,0.17868609829987805,0.33996330963965565,eng,lrs017,l3_eng,-5.213138220340936,-0.5397006240670239,0.23418471558000298
f0_creak_ratio,0.29476703736728566,0.14113431322764095,0.18321982002043435,0.3879359991325517,spa,lrs017,l3_eng,-5.213138220340936,-0.5397006240670239,0.2822686264552819
spec_dur_ratio,0.28675781285237334,0.1396911449504202,0.17548399405055745,0.3859606684831648,spa,lrs017,l3_eng,-5.213138220340936,-0.5397006240670239,0.2793822899008404
vowel_periph_ratio,0.4184751497803411,0.18024065199270295,0.27350783054499633,0.5629409443238129,spa,lrs017,l3_eng,-5.213138220340936,-0.5397006240670239,0.3604813039854059
f0_creak_ratio,0.28307440475235063,0.1307065256089178,0.19253464911704743,0.36898660005877687,cat,nie059,l1_eng,4.275526926210081,0.5130526930164312,0.2614130512178356
spec_dur_ratio,0.37958362398122186,0.19283124883052788,0.21287066061524423,0.5268900675908477,cat,nie059,l1_eng,4.275526926210081,0.5130526930164312,0.38566249766105576
vowel_periph_ratio,0.3373419712664275,0.206123645564989,0.17337722300709324,0.4947089415840621,cat,nie059,l1_eng,4.275526926210081,0.5130526930164312,0.412247291129978
f0_creak_ratio,0.2948701446078174,0.13902237676210397,0.1911908826053179,0.3955939108543954,eng,nie059,l1_eng,4.275526926210081,0.5130526930164312,0.27804475352420793
spec_dur_ratio,0.44695879022352997,0.17987793456489673,0.2939321576511771,0.5925728389006324,eng,nie059,l1_eng,4.275526926210081,0.5130526930164312,0.35975586912979346
vowel_periph_ratio,0.2581710651686527,0.12591565420304185,0.16355547072876617,0.3398891765452632,eng,nie059,l1_eng,4.275526926210081,0.5130526930164312,0.2518313084060837
f0_creak_ratio,0.32026809540299234,0.1711865582279025,0.1766343210472867,0.45824254764287575,spa,nie059,l1_eng,4.275526926210081,0.5130526930164312,0.342373116455805
spec_dur_ratio,0.30619244858727374,0.1812127741010646,0.1593657334440452,0.439601504591001,spa,nie059,l1_eng,4.275526926210081,0.5130526930164312,0.3624255482021292
vowel_periph_ratio,0.37353945600973404,0.20115165478141905,0.20375688705234163,0.5546120093518636,spa,nie059,l1_eng,4.275526926210081,0.5130526930164312,0.4023033095628381
f0_creak_ratio,0.3337023890514578,0.11372001372795054,0.25451433435127524,0.41472651709435976,eng,odm115,mono,,,0.22744002745590108
spec_dur_ratio,0.3623063421137298,0.12247617820407741,0.2755394356305801,0.4376433421721348,eng,odm115,mono,,,0.24495235640815483
vowel_periph_ratio,0.30399126883481253,0.10123693629579279,0.23519445670419023,0.3709652204202481,eng,odm115,mono,,,0.20247387259158559
f0_creak_ratio,0.33662361140533864,0.11083458682154929,0.2518530851967406,0.41253354683730104,eng,onj010,mono,,,0.22166917364309857
spec_dur_ratio,0.3856639262421693,0.12957045020651678,0.29601071377605365,0.4787325195106321,eng,onj010,mono,,,0.25914090041303356
vowel_periph_ratio,0.277712462352492,0.12122803957389408,0.1883362358684328,0.3543806930932891,eng,onj010,mono,,,0.24245607914778816
f0_creak_ratio,0.3093895158739437,0.12131410439550722,0.2186781755335273,0.3908839795986177,cat,orx026,l1_eng,5.320338552142507,-0.5967981267259689,0.24262820879101443
spec_dur_ratio,0.2852097127301084,0.11523079443838116,0.19850590618435,0.36664024243330967,cat,orx026,l1_eng,5.320338552142507,-0.5967981267259689,0.23046158887676232
vowel_periph_ratio,0.4054007713959479,0.15360918731069798,0.2929156472287367,0.5181056933440632,cat,orx026,l1_eng,5.320338552142507,-0.5967981267259689,0.30721837462139595
f0_creak_ratio,0.36669319435116576,0.1169739985798298,0.2840542637814293,0.45303375541221763,eng,orx026,l1_eng,5.320338552142507,-0.5967981267259689,0.2339479971596596
spec_dur_ratio,0.33889842411092913,0.11675509674950309,0.2523634763102094,0.41298871862339354,eng,orx026,l1_eng,5.320338552142507,-0.5967981267259689,0.23351019349900617
vowel_periph_ratio,0.2944083815379051,0.11090886303294277,0.21743605090153068,0.366384289976581,eng,orx026,l1_eng,5.320338552142507,-0.5967981267259689,0.22181772606588554
f0_creak_ratio,0.28332587963417766,0.14084361252495342,0.1735709077622108,0.3849458184656447,spa,orx026,l1_eng,5.320338552142507,-0.5967981267259689,0.28168722504990684
spec_dur_ratio,0.33406116117256196,0.17683543842212654,0.20768130214402147,0.4554328586952323,spa,orx026,l1_eng,5.320338552142507,-0.5967981267259689,0.3536708768442531
vowel_periph_ratio,0.38261295919326044,0.19549951630870335,0.22916411606150663,0.5298809123141927,spa,orx026,l1_eng,5.320338552142507,-0.5967981267259689,0.3909990326174067
f0_creak_ratio,0.31516604455846575,0.1131336773277917,0.23584860917122147,0.38597066103687766,eng,osl017,mono,,,0.2262673546555834
spec_dur_ratio,0.35482916255179564,0.11759464962503408,0.26802624408733755,0.4330203182409579,eng,osl017,mono,,,0.23518929925006815
vowel_periph_ratio,0.33000479288973844,0.11599631956141947,0.2530530695996312,0.41381934566099526,eng,osl017,mono,,,0.23199263912283893
f0_creak_ratio,0.36326484506160966,0.11158301476485157,0.28523445226875277,0.44313115118384383,eng,rrl106,mono,,,0.22316602952970313
spec_dur_ratio,0.3372952548325794,0.11921703413812368,0.2539122919642538,0.4146186400983909,eng,rrl106,mono,,,0.23843406827624736
vowel_periph_ratio,0.29943990010581095,0.10984940790244077,0.2264965782977922,0.37407595739355454,eng,rrl106,mono,,,0.21969881580488154
f0_creak_ratio,0.31677841139569257,0.13678876346621402,0.22056192021104304,0.41290944292814175,cat,vrc053,l1_eng,6.934260345949492,4.09473876402278,0.27357752693242804
spec_dur_ratio,0.32039079945181564,0.14411835028055506,0.21269702227692278,0.4148966380344845,cat,vrc053,l1_eng,6.934260345949492,4.09473876402278,0.2882367005611101
vowel_periph_ratio,0.36283078915249173,0.15010663954641007,0.2552232506575254,0.47039532467918316,cat,vrc053,l1_eng,6.934260345949492,4.09473876402278,0.30021327909282014
f0_creak_ratio,0.32888829081089915,0.10049394507393036,0.2606770737706652,0.396203354108261,eng,vrc053,l1_eng,6.934260345949492,4.09473876402278,0.20098789014786073
spec_dur_ratio,0.3499998853656017,0.10506124615546224,0.27469214704546363,0.4212011452755676,eng,vrc053,l1_eng,6.934260345949492,4.09473876402278,0.21012249231092447
vowel_periph_ratio,0.32111182382349923,0.10858377016671553,0.2456981267415795,0.39000743278846545,eng,vrc053,l1_eng,6.934260345949492,4.09473876402278,0.21716754033343105
f0_creak_ratio,0.0,0.0,0.0,0.0,spa,vrc053,l1_eng,6.934260345949492,4.09473876402278,0.0
spec_dur_ratio,0.0,0.0,0.0,0.0,spa,vrc053,l1_eng,6.934260345949492,4.09473876402278,0.0
vowel_periph_ratio,0.0,0.0,0.0,0.0,spa,vrc053,l1_eng,6.934260345949492,4.09473876402278,0.0
